0.319,-0.479,-0.53,0,0,0,0,0,0
0.266,-0.479,0,0,0,0,0,0,0
0.159,0.53,0.106,0,0,0,0,0,0
0.372,-0.585,0,0,0,0,0,0,0
0.106,-0.106,0.53,0,0,0,0,0,0
0.159,-0.426,-0.53,0,0,0,0,0,0
0.372,-0.213,0,0,0,0,0,0,0
0.266,-0.266,0,0,0,0,0,0,0
0.106,-0.692,-0.106,0,0,0,0,0,0
0.213,-0.426,0.106,0,0,0,0,0,0
0.319,-0.585,0.159,0,0,0,0,0,0
0.372,-0.266,0.159,0,0,0,0,0,0
0.479,-0.106,-0.53,0,0,0,0,0,0
0.479,-0.159,0.159,0,0,0,0,0,0
0.692,0.53,0.53,0,0,0,0,0,0
0.532,-0.372,0.106,0,0,0,0,0,0
0.532,0.159,0.53,0,0,0,0,0,0
0.532,-0.159,-0.106,0,0,0,0,0,0
0.585,0.159,0,0,0,0,0,0,0
0.426,-0.53,0.159,0,0,0,0,0,0
0.798,0.53,-0.319,0,0,0,0,0,0
0.532,0.159,-0.53,0,0,0,0,0,0
0.585,0.266,0.106,0,0,0,0,0,0
0.266,-0.479,-0.53,0,0,0,0,0,0
-0.106,-0.319,0.213,0,0,0,0,0,0
0.159,-0.266,0.106,0,0,0,0,0,0
0.585,-0.53,-0.106,0,0,0,0,0,0
0.479,-0.319,0,0,0,0,0,0,0
0.585,-0.266,-0.53,0,0,0,0,0,0
0.692,-0.426,0.213,0,0,0,0,0,0
0.639,0.266,0.53,0,0,0,0,0,0
0.372,0.266,0.53,0,0,0,0,0,0
0.585,0,0.106,0,0,0,0,0,0
0.426,-0.319,0.106,0,0,0,0,0,0
0.159,-0.532,-0.159,0,0,0,0,0,0
0.213,0.159,0.159,0,0,0,0,0,0
0.106,-0.585,-0.159,0,0,0,0,0,0
0.213,-0.53,-0.53,0,0,0,0,0,0
0.266,-0.372,0,0,0,0,0,0,0
0.532,-0.372,-0.106,0,0,0,0,0,0
0.319,-0.426,0.53,0,0,0,0,0,0
0.213,-0.266,0.53,0,0,0,0,0,0
0.532,0.106,-0.106,0,0,0,0,0,0
0.319,-0.266,-0.213,0,0,0,0,0,0
0.372,-0.585,-0.106,0,0,0,0,0,0
0.159,-0.426,0,0,0,0,0,0,0
0.53,-0.106,-0.53,0,0,0,0,0,0
0.372,0.372,0.159,0,0,0,0,0,0
0.213,-0.479,0,0,0,0,0,0,0
0.159,-0.159,0.159,0,0,0,0,0,0
0.319,-0.106,0.53,0,0,0,0,0,0
0.53,-0.319,0.106,0,0,0,0,0,0
0.53,-0.266,0.53,0,0,0,0,0,0
0.426,-0.213,-0.106,0,0,0,0,0,0
0.372,-0.372,0.106,0,0,0,0,0,0
0.532,0.213,-0.53,0,0,0,0,0,0
-0.213,-0.319,-0.53,0,0,0,0,0,0
0,-0.319,0.159,0,0,0,0,0,0
-0.53,-0.426,0.159,0,0,0,0,0,0
0.53,-0.266,0,0,0,0,0,0,0
0.213,-0.106,-0.53,0,0,0,0,0,0
0.53,-0.319,0.159,0,0,0,0,0,0
-0.266,-0.798,0.106,0,0,0,0,0,0
0,-0.266,0,0,0,0,0,0,0
-0.372,0.159,0.319,0,0,0,0,0,0
-0.159,-0.372,0,0,0,0,0,0,0
-0.319,-0.426,0.159,0,0,0,0,0,0
-0.479,-0.1065,0.53,0,0,0,0,0,0
-0.639,-0.852,0.106,0,0,0,0,0,0
-0.426,-0.479,0.106,0,0,0,0,0,0
-0.106,-0.372,0,0,0,0,0,0,0
-0.213,-0.585,-0.53,0,0,0,0,0,0
-0.213,-0.479,-0.53,0,0,0,0,0,0
-0.213,-0.213,0,0,0,0,0,0,0
0.53,-0.159,0.213,0,0,0,0,0,0
0.319,-0.53,0,0,0,0,0,0,0
0.53,-0.106,0.213,0,0,0,0,0,0
0.213,-0.372,0,0,0,0,0,0,0
-0.213,-0.372,-0.106,0,0,0,0,0,0
0,-0.213,-0.106,0,0,0,0,0,0
0,-0.159,0.106,0,0,0,0,0,0
0.426,-0.266,0,0,0,0,0,0,0
0.319,-0.266,-0.106,0,0,0,0,0,0
0.213,-0.426,-0.159,0,0,0,0,0,0
0.106,-0.319,0.213,0,0,0,0,0,0
0.159,0,0.213,0,0,0,0,0,0
-0.106,-0.745,-0.53,0,0,0,0,0,0
0.319,-0.213,0.159,0,0,0,0,0,0
0.106,-0.372,0,0,0,0,0,0,0
0.159,-0.479,0,0,0,0,0,0,0
0.159,-0.159,0.213,0,0,0,0,0,0
0.213,-0.266,-0.53,0,0,0,0,0,0
0.106,-0.319,0.53,0,0,0,0,0,0
0.159,-0.479,-0.106,0,0,0,0,0,0
0.159,-0.266,0,0,0,0,0,0,0
0.159,-0.692,0,0,0,0,0,0,0
0.266,-0.585,0.53,0,0,0,0,0,0
0.159,-0.266,-0.106,0,0,0,0,0,0
-0.106,-0.639,0.213,0,0,0,0,0,0
0.53,-0.266,0.53,0,0,0,0,0,0
0.372,-0.266,0,0,0,0,0,0,0
0.372,-0.266,0.53,0,0,0,0,0,0
0.266,0.53,0,0,0,0,0,0,0
0.319,-0.106,0.106,0,0,0,0,0,0
0.266,-0.639,0.106,0,0,0,0,0,0
0.372,0,0,0,0,0,0,0,0
0.266,-0.53,0.53,0,0,0,0,0,0
0.479,-0.213,0.213,0,0,0,0,0,0
0.266,-0.53,0.106,0,0,0,0,0,0
0.585,-0.266,-0.159,0,0,0,0,0,0
0.319,-0.159,0.53,0,0,0,0,0,0
0.106,-0.213,0.213,0,0,0,0,0,0
0.426,-0.372,0.106,0,0,0,0,0,0
0.426,-0.106,-0.106,0,0,0,0,0,0
0.426,-0.53,0.213,0,0,0,0,0,0
0.319,-0.266,0.106,0,0,0,0,0,0
-0.53,-0.479,0.106,0,0,0,0,0,0
0.106,-0.372,0.106,0,0,0,0,0,0
0,-0.639,0.106,0,0,0,0,0,0
-0.266,-0.585,0.106,0,0,0,0,0,0
0.213,-0.213,0.53,0,0,0,0,0,0
0.213,-0.692,-0.53,0,0,0,0,0,0
0.106,-0.479,0.213,0,0,0,0,0,0
0.159,-0.585,0.213,0,0,0,0,0,0
0.159,-0.426,0.106,0,0,0,0,0,0
0.106,-0.372,-0.159,0,0,0,0,0,0
-0.106,-0.692,0.106,0,0,0,0,0,0
0.53,-0.106,-0.106,0,0,0,0,0,0
0,-0.745,-0.106,0,0,0,0,0,0
-0.159,-0.798,-0.106,0,0,0,0,0,0
0.106,-0.532,0,0,0,0,0,0,0
0.319,-0.426,0.266,0,0,0,0,0,0
0.106,0.53,0.53,0,0,0,0,0,0
0.372,-0.53,-0.53,0,0,0,0,0,0
0.266,-0.479,0.53,0,0,0,0,0,0
0.426,0.53,0,0,0,0,0,0,0
0.159,-0.266,-0.53,0,0,0,0,0,0
0.372,-0.372,0.266,0,0,0,0,0,0
0.106,-0.213,0.53,0,0,0,0,0,0
0.266,-0.372,0,0,0,0,0,0,0
0.479,-0.53,0.106,0,0,0,0,0,0
-0.159,-0.532,0.53,0,0,0,0,0,0
0.106,-0.159,0.53,0,0,0,0,0,0
0.426,-0.159,0.53,0,0,0,0,0,0
-0.53,0.53,0.53,0,0,0,0,0,0
0.479,-0.426,0,0,0,0,0,0,0
0,-0.798,-0.53,0,0,0,0,0,0
0.319,-0.213,0.53,0,0,0,0,0,0
0.213,-0.479,-0.53,0,0,0,0,0,0
0,-0.479,0,0,0,0,0,0,0
0.319,-0.266,0,0,0,0,0,0,0
0.159,-0.479,0.213,0,0,0,0,0,0
0.372,-0.53,0.106,0,0,0,0,0,0
0.53,-0.479,0.106,0,0,0,0,0,0
0.372,-0.372,0.53,0,0,0,0,0,0
0.532,-0.319,-0.53,0,0,0,0,0,0
0.639,-0.372,0.106,0,0,0,0,0,0
0.159,-0.213,0.53,0,0,0,0,0,0
0.479,-0.53,-0.53,0,0,0,0,0,0
0.159,-0.479,-0.53,0,0,0,0,0,0
0,-0.213,0.53,0,0,0,0,0,0
0.159,-0.213,-0.53,0,0,0,0,0,0
-0.53,-0.479,-0.53,0,0,0,0,0,0
0.213,-0.426,-0.106,0,0,0,0,0,0
0.372,-0.426,0.53,0,0,0,0,0,0
0.372,-0.372,0.213,0,0,0,0,0,0
0.479,-0.479,0.53,0,0,0,0,0,0
0.106,-0.266,0,0,0,0,0,0,0
0.213,-0.372,0.53,0,0,0,0,0,0
0.266,-0.585,0.53,0,0,0,0,0,0
0.213,-0.53,0.213,0,0,0,0,0,0
0.106,0.159,0.106,0,0,0,0,0,0
0.106,-0.426,0.106,0,0,0,0,0,0
0.319,-0.213,0.53,0,0,0,0,0,0
0.53,-0.266,-0.53,0,0,0,0,0,0
0.159,-0.266,0.53,0,0,0,0,0,0
0.266,0,0,0,0,0,0,0,0
0.213,-0.319,-0.106,0,0,0,0,0,0
0.266,-0.213,-0.53,0,0,0,0,0,0
0.213,-0.319,0,0,0,0,0,0,0
0.319,-0.639,0.106,0,0,0,0,0,0
0.106,-0.159,0.106,0,0,0,0,0,0
0.213,-0.426,0.159,0,0,0,0,0,0
0.106,0,-0.106,0,0,0,0,0,0
0.213,-0.532,-0.53,0,0,0,0,0,0
0.639,-0.106,0.53,0,0,0,0,0,0
0.106,-0.639,0,0,0,0,0,0,0
0.106,0.53,0,0,0,0,0,0,0
0.53,-0.798,0.159,0,0,0,0,0,0
0.266,-0.159,-0.106,0,0,0,0,0,0
0.319,-0.266,0.266,0,0,0,0,0,0
0.319,-0.53,-0.53,0,0,0,0,0,0
0.266,-0.53,0.53,0,0,0,0,0,0
0.159,-0.319,0,0,0,0,0,0,0
0.53,-0.106,0,0,0,0,0,0,0
0.426,-0.159,-0.53,0,0,0,0,0,0
0,-0.852,0,0,0,0,0,0,0
0.53,-0.426,-0.53,0,0,0,0,0,0
0.319,-0.479,0.159,0,0,0,0,0,0
0.106,-0.266,0.53,0,0,0,0,0,0
0.106,-0.532,0.53,0,0,0,0,0,0
0.319,-0.692,-0.53,0,0,0,0,0,0
0.266,-0.479,0,0,0,0,0,0,0
0.106,-0.319,0.159,0,0,0,0,0,0
0.426,-0.479,0.53,0,0,0,0,0,0
0.266,-0.479,0.159,0,0,0,0,0,0
0.106,-0.159,0.53,0,0,0,0,0,0
0.159,-0.106,0,0,0,0,0,0,0
0.53,-0.266,0.53,0,0,0,0,0,0
0.319,-0.213,0.106,0,0,0,0,0,0
0.532,-0.319,-0.53,0,0,0,0,0,0
0.319,-0.639,-0.159,0,0,0,0,0,0
0.372,-0.266,0.106,0,0,0,0,0,0
0.319,-0.426,0,0,0,0,0,0,0
0.213,-0.426,0.159,0,0,0,0,0,0
0.213,0.106,0.53,0,0,0,0,0,0
0.426,-0.266,0.213,0,0,0,0,0,0
0.426,-0.585,0.213,0,0,0,0,0,0
0.213,-0.372,-0.53,0,0,0,0,0,0
0.106,-0.479,0.53,0,0,0,0,0,0
0.372,-0.319,0.53,0,0,0,0,0,0
0.319,-0.159,0.159,0,0,0,0,0,0
0.159,-0.319,0.106,0,0,0,0,0,0
0.159,-0.426,0,0,0,0,0,0,0
0.213,-0.319,-0.106,0,0,0,0,0,0
0.426,-0.426,0.159,0,0,0,0,0,0
0.266,-0.479,-0.106,0,0,0,0,0,0
0.213,0.53,-0.53,0,0,0,0,0,0
0.159,0.479,0.213,0,0,0,0,0,0
0.159,-0.479,0.53,0,0,0,0,0,0
0.266,-0.319,0,0,0,0,0,0,0
0.213,-0.692,-0.53,0,0,0,0,0,0
0.53,-0.479,0.53,0,0,0,0,0,0
0.213,-0.159,0.106,0,0,0,0,0,0
0.106,-0.745,0,0,0,0,0,0,0
0.213,-0.372,-0.53,0,0,0,0,0,0
0.106,-0.319,0,0,0,0,0,0,0
-0.159,-0.639,0,0,0,0,0,0,0
0.106,-0.319,0.159,0,0,0,0,0,0
0.266,-0.372,0.106,0,0,0,0,0,0
0.319,-0.319,-0.53,0,0,0,0,0,0
0.266,-0.479,-0.106,0,0,0,0,0,0
0.106,-0.319,0.159,0,0,0,0,0,0
0,-0.585,-0.53,0,0,0,0,0,0
0.53,-0.479,-0.106,0,0,0,0,0,0
0.213,-0.106,0,0,0,0,0,0,0
0.266,-0.426,0.159,0,0,0,0,0,0
0.213,-0.319,-0.53,0,0,0,0,0,0
0.213,-0.372,-0.53,0,0,0,0,0,0
0.266,-0.106,0,0,0,0,0,0,0
0.319,-0.426,0.106,0,0,0,0,0,0
-0.213,-0.745,0.213,0,0,0,0,0,0
0.266,-0.159,0.106,0,0,0,0,0,0
0.106,0.53,0.213,0,0,0,0,0,0
0.266,0.106,0,0,0,0,0,0,0
0.319,-0.266,0.106,0,0,0,0,0,0
0.106,-0.426,0.106,0,0,0,0,0,0
0,-0.692,-0.53,0,0,0,0,0,0
0.266,-0.53,-0.53,0,0,0,0,0,0
0.159,-0.798,0,0,0,0,0,0,0
0,-0.213,0.53,0,0,0,0,0,0
0.53,0.266,0.159,0,0,0,0,0,0
0.213,-0.319,0.106,0,0,0,0,0,0
0.426,-0.106,-0.213,0,0,0,0,0,0
0.213,-0.266,0,0,0,0,0,0,0
-0.106,-0.479,0.106,0,0,0,0,0,0
0.266,-0.53,-0.106,0,0,0,0,0,0
0.213,-0.585,0.53,0,0,0,0,0,0
0,-0.479,-0.213,0,0,0,0,0,0
0.372,-0.585,-0.53,0,0,0,0,0,0
-0.53,-0.372,0.106,0,0,0,0,0,0
0.159,-0.479,-0.106,0,0,0,0,0,0
0.106,-0.266,0.53,0,0,0,0,0,0
0.213,-0.639,-0.53,0,0,0,0,0,0
0.266,-0.585,0,0,0,0,0,0,0
0,-0.585,0.53,0,0,0,0,0,0
0.372,-0.585,-0.159,0,0,0,0,0,0
-0.266,-0.426,-0.53,0,0,0,0,0,0
0.159,-0.319,0.106,0,0,0,0,0,0
-0.53,-0.106,0,0,0,0,0,0,0
0.159,-0.266,0.159,0,0,0,0,0,0
0.319,-0.692,-0.53,0,0,0,0,0,0
0.266,-0.319,0.53,0,0,0,0,0,0
0.266,-0.53,0.213,0,0,0,0,0,0
0.53,-0.585,0,0,0,0,0,0,0
0.372,-0.213,0.53,0,0,0,0,0,0
0.53,-0.372,0.213,0,0,0,0,0,0
0.53,-0.53,-0.53,0,0,0,0,0,0
0.372,0.106,-0.106,0,0,0,0,0,0
0.372,0.106,0.213,0,0,0,0,0,0
0.213,-0.426,0.106,0,0,0,0,0,0
0.53,-0.639,-0.159,0,0,0,0,0,0
0.426,-0.266,0,0,0,0,0,0,0
0.319,-0.106,0.159,0,0,0,0,0,0
0.106,-0.213,0.106,0,0,0,0,0,0
0.372,-0.213,-0.106,0,0,0,0,0,0
0.53,0,0.53,0,0,0,0,0,0
0.213,-0.106,0,0,0,0,0,0,0
0.319,-0.213,-0.159,0,0,0,0,0,0
0.159,-0.213,0.53,0,0,0,0,0,0
-0.106,-0.426,-0.53,0,0,0,0,0,0
0.213,-0.266,-0.266,0,0,0,0,0,0
0.532,-0.479,0.53,0,0,0,0,0,0
0.213,-0.426,0,0,0,0,0,0,0
0.319,-0.372,0,0,0,0,0,0,0
0.213,-0.266,0.159,0,0,0,0,0,0
-0.266,-0.532,0.159,0,0,0,0,0,0
0.319,-0.213,-0.53,0,0,0,0,0,0
0.372,-0.266,-0.106,0,0,0,0,0,0
0.106,-0.319,-0.159,0,0,0,0,0,0
0.106,-0.159,0.53,0,0,0,0,0,0
0.106,-0.319,0.159,0,0,0,0,0,0
0.479,-0.53,0.53,0,0,0,0,0,0
0.372,-0.159,0.106,0,0,0,0,0,0
0.159,-0.372,0.53,0,0,0,0,0,0
0,-0.106,0.53,0,0,0,0,0,0
0.106,-0.53,0.266,0,0,0,0,0,0
0.53,-0.159,-0.106,0,0,0,0,0,0
0.479,-0.159,-0.53,0,0,0,0,0,0
-0.53,-0.319,0.159,0,0,0,0,0,0
0.213,0.106,0.159,0,0,0,0,0,0
0.532,0,0.53,0,0,0,0,0,0
0.106,-0.319,0.319,0,0,0,0,0,0
0.106,0,-0.106,0,0,0,0,0,0
0,-0.692,-0.159,0,0,0,0,0,0
0.213,-0.266,0,0,0,0,0,0,0
0.159,-0.745,-0.53,0,0,0,0,0,0
-0.53,-0.319,-0.53,0,0,0,0,0,0
0.213,0.106,0,0,0,0,0,0,0
0.479,-0.159,0.159,0,0,0,0,0,0
-0.106,-0.266,0.159,0,0,0,0,0,0
0.266,-0.106,0.266,0,0,0,0,0,0
0.266,-0.426,-0.53,0,0,0,0,0,0
0.106,-0.106,0,0,0,0,0,0,0
0.213,-0.426,0,0,0,0,0,0,0
0.319,-0.213,0,0,0,0,0,0,0
0.106,-0.159,-0.159,0,0,0,0,0,0
0.266,-0.426,0.213,0,0,0,0,0,0
0.266,-0.426,-0.106,0,0,0,0,0,0
0.106,-0.159,0.53,0,0,0,0,0,0
0.372,-0.426,0,0,0,0,0,0,0
0.213,-0.266,-0.53,0,0,0,0,0,0
0.266,0.53,-0.53,0,0,0,0,0,0
0.53,0,0.106,0,0,0,0,0,0
-0.106,-0.479,0.53,0,0,0,0,0,0
0.213,-0.585,0,0,0,0,0,0,0
0.319,-0.479,0.53,0,0,0,0,0,0
0.266,-0.372,0,0,0,0,0,0,0
0.159,-0.213,-0.53,0,0,0,0,0,0
0.53,0,0.106,0,0,0,0,0,0
0.319,-0.479,-0.159,0,0,0,0,0,0
0.159,-0.426,-0.53,0,0,0,0,0,0
0.213,-0.266,0.106,0,0,0,0,0,0
0.159,-0.213,-0.106,0,0,0,0,0,0
0.213,-0.532,0,0,0,0,0,0,0
-0.53,-0.479,0.53,0,0,0,0,0,0
0.319,0,0.106,0,0,0,0,0,0
0.319,-0.319,0.159,0,0,0,0,0,0
0.319,-0.106,-0.106,0,0,0,0,0,0
0.53,-0.852,0,0,0,0,0,0,0
0.266,-0.479,0,0,0,0,0,0,0
0.53,-0.106,0.266,0,0,0,0,0,0
0.266,-0.479,-0.106,0,0,0,0,0,0
0,-0.426,-0.53,0,0,0,0,0,0
-0.53,-0.372,0.266,0,0,0,0,0,0
0.159,-0.958,-0.213,0,0,0,0,0,0
0.53,-0.319,-0.53,0,0,0,0,0,0
-0.106,-0.372,-0.53,0,0,0,0,0,0
0.213,-0.585,0.213,0,0,0,0,0,0
0.53,-0.319,-0.53,0,0,0,0,0,0
-0.159,-0.106,-0.53,0,0,0,0,0,0
-0.53,-0.426,-0.266,0,0,0,0,0,0
0.159,-0.213,0.106,0,0,0,0,0,0
0,-0.372,0.53,0,0,0,0,0,0
0.106,-0.532,0.53,0,0,0,0,0,0
0.106,-0.319,-0.53,0,0,0,0,0,0
0.213,-0.479,0.213,0,0,0,0,0,0
0.319,-0.426,-0.53,0,0,0,0,0,0
-0.106,-0.852,0.53,0,0,0,0,0,0
-0.53,-0.639,0.53,0,0,0,0,0,0
-0.53,-0.319,-0.106,0,0,0,0,0,0
0.159,-0.53,0,0,0,0,0,0,0
0.53,-0.53,0,0,0,0,0,0,0
0.213,-0.266,0,0,0,0,0,0,0
-0.266,-0.585,0.213,0,0,0,0,0,0
0.53,-0.692,-0.266,0,0,0,0,0,0
0.159,-0.585,-0.106,0,0,0,0,0,0
0.106,-0.372,-0.106,0,0,0,0,0,0
0.266,-0.692,0.159,0,0,0,0,0,0
0.159,-0.426,0.53,0,0,0,0,0,0
0.479,0.159,0.53,0,0,0,0,0,0
0.106,0.106,0,0,0,0,0,0,0
0.213,-0.745,-0.159,0,0,0,0,0,0
0.639,-0.479,-0.106,0,0,0,0,0,0
0.53,-0.532,0,0,0,0,0,0,0
0.266,-0.266,-0.213,0,0,0,0,0,0
0.106,-0.319,-0.53,0,0,0,0,0,0
0,-0.532,0.159,0,0,0,0,0,0
0.213,-0.426,-0.106,0,0,0,0,0,0
0.106,-0.372,0.53,0,0,0,0,0,0
0.319,-0.372,0.106,0,0,0,0,0,0
0.53,-0.426,-0.106,0,0,0,0,0,0
0,-0.426,0.213,0,0,0,0,0,0
0.106,0,0.106,0,0,0,0,0,0
0.213,-0.532,0.53,0,0,0,0,0,0
0.426,-0.106,-0.53,0,0,0,0,0,0
0.159,-0.159,0,0,0,0,0,0,0
0.213,-0.372,0.106,0,0,0,0,0,0
0.319,-0.159,-0.213,0,0,0,0,0,0
0.106,-0.532,0.213,0,0,0,0,0,0
0.479,-0.266,0,0,0,0,0,0,0
-0.53,-0.745,0.159,0,0,0,0,0,0
0.53,-0.479,0.53,0,0,0,0,0,0
0.319,-0.159,0.53,0,0,0,0,0,0
0.266,-0.159,0.213,0,0,0,0,0,0
0.319,-0.639,0.53,0,0,0,0,0,0
-0.53,-0.798,-0.53,0,0,0,0,0,0
0.159,-0.372,0.53,0,0,0,0,0,0
0.106,-0.426,0.106,0,0,0,0,0,0
0.159,-0.479,0.53,0,0,0,0,0,0
0.106,-0.372,-0.53,0,0,0,0,0,0
0.213,-0.745,-0.159,0,0,0,0,0,0
0.53,-0.639,0.159,0,0,0,0,0,0
0.479,0,0,0,0,0,0,0,0
0.266,0,0.159,0,0,0,0,0,0
0.106,-0.213,-0.106,0,0,0,0,0,0
0.479,-0.319,0,0,0,0,0,0,0
0.53,-0.372,0.106,0,0,0,0,0,0
0.266,-0.426,-0.159,0,0,0,0,0,0
0.213,-0.479,-0.106,0,0,0,0,0,0
0.213,-0.532,0.213,0,0,0,0,0,0
0.106,-0.266,-0.213,0,0,0,0,0,0
0.213,-0.319,-0.53,0,0,0,0,0,0
0.426,-0.213,0.213,0,0,0,0,0,0
0.213,-0.426,-0.106,0,0,0,0,0,0
0.159,-0.266,0.106,0,0,0,0,0,0
0.106,-0.372,0.53,0,0,0,0,0,0
0.1118,-0.245,0.106,0,0,0,0,0,0
-0.1225,0.2396,0.319,0,0,0,0,0,0
-0.319,0.426,-0.106,0,0,0,0,0,0
0.53,-0.426,0,0,0,0,0,0,0
0.159,-0.692,0.53,0,0,0,0,0,0
0.213,-0.692,-0.159,0,0,0,0,0,0
0,-0.426,0,0,0,0,0,0,0
-0.106,-0.372,0.53,0,0,0,0,0,0
0,-0.266,-0.53,0,0,0,0,0,0
-0.53,-0.106,0.53,0,0,0,0,0,0
0.106,-0.159,0.106,0,0,0,0,0,0
0.372,-0.532,0.53,0,0,0,0,0,0
-0.319,-0.745,-0.53,0,0,0,0,0,0
0.532,0,0.159,0,0,0,0,0,0
0.106,-0.159,0.53,0,0,0,0,0,0
0.266,-0.426,0.53,0,0,0,0,0,0
0.106,-0.106,0,0,0,0,0,0,0
0.1012,-0.798,-0.3675,0,0,0,0,0,0
0.53,0.1278,-0.26418,0,0,0,0,0,0
-0.479,0.479,0.2982,0,0,0,0,0,0
-0.1278,0.2716,0.3249,0,0,0,0,0,0
-0.2929,0.6711,0.3355,0,0,0,0,0,0
-0.5113,0.9747,0.7243,0,0,0,0,0,0
0.8735,0.12357,-0.106,0,0,0,0,0,0
0.6178,0.11504,-0.7989,0,0,0,0,0,0
0.1012,0.26844,-0.16564,0,0,0,0,0,0
0.37177,0.49321,-0.798,0,0,0,0,0,0
0.46978,0.44315,0.34408,0,0,0,0,0,0
0.29081,0.36751,0.34834,0,0,0,0,0,0
0.12783,0.33822,0.23915,0,0,0,0,0,0
0.34408,0.37284,0.20559,0,0,0,0,0,0
0.59335,0.51185,0.13635,0,0,0,0,0,0
0.302,0.60613,0.21837,0,0,0,0,0,0
0.17789,0.75101,0.39627,0,0,0,0,0,0
0.61465,0.83783,0.36218,0,0,0,0,0,0
0.53209,0.88257,0.31531,0,0,0,0,0,0
0.48469,0.91985,0.25619,0,0,0,0,0,0
0.5534,0.97951,0.19494,0,0,0,0,0,0
0.46978,1.9775,0.22743,0,0,0,0,0,0
0.56885,1.26127,0.29774,0,0,0,0,0,0
0.58483,1.36993,0.24873,0,0,0,0,0,0
0.54115,1.42638,0.18216,0,0,0,0,0,0
0.50014,1.48977,0.19174,0,0,0,0,0,0
0.70254,1.65009,0.1747,0,0,0,0,0,0
0.84155,1.7417,0.13741,0,0,0,0,0,0
0.59015,1.68258,0.1193,0,0,0,0,0,0
0.18109,1.2112,-0.3355,0,0,0,0,0,0
0.30573,1.9083,-0.1491,0,0,0,0,0,0
0.33555,1.1466,0.8202,0,0,0,0,0,0
0.34727,0.98963,0.14274,0,0,0,0,0,0
0.2711,0.9076,0.16085,0,0,0,0,0,0
0.31105,1.1732,0.11132,0,0,0,0,0,0
0.29241,1.401,0.4687,0,0,0,0,0,0
0.31105,0.81705,-0.159,0,0,0,0,0,0
0.31478,0.74461,0.10865,0,0,0,0,0,0
0.50493,1.1466,0.1992,0,0,0,0,0,0
0.90494,1.37259,0.6604,0,0,0,0,0,0
0.81705,1.5425,0.13102,0,0,0,0,0,0
0.74568,1.38484,0.751,0,0,0,0,0,0
0.77551,0.99176,0.1225,0,0,0,0,0,0
0.57044,0.92518,0.23702,0,0,0,0,0,0
0.61838,0.82025,0.28549,0,0,0,0,0,0
0.60933,0.76752,0.27537,0,0,0,0,0,0
0.91666,1.16593,0.10759,0,0,0,0,0,0
0.91879,1.30761,0.9001,0,0,0,0,0,0
0.62051,0.94329,0.23648,0,0,0,0,0,0
0.57737,0.71212,0.35899,0,0,0,0,0,0
0.6578,0.68869,0.43356,0,0,0,0,0,0
0.83303,0.90547,0.31372,0,0,0,0,0,0
0.89002,1.25914,0.14114,0,0,0,0,0,0
0.87085,1.17658,0.18322,0,0,0,0,0,0
0.8863,0.80374,0.26205,0,0,0,0,0,0
0.67164,0.81972,0.36858,0,0,0,0,0,0
0.62797,0.74568,0.33502,0,0,0,0,0,0
0.71745,0.81332,0.18216,0,0,0,0,0,0
0.84954,0.92944,0.147,0,0,0,0,0,0
0.83889,0.79042,0.22849,0,0,0,0,0,0
0.74834,0.80427,0.43942,0,0,0,0,0,0
0.91026,0.87831,0.4506,0,0,0,0,0,0
0.80693,0.61146,0.30732,0,0,0,0,0,0
0.52943,0.60293,0.14647,0,0,0,0,0,0
0.54807,0.5566,0.24394,0,0,0,0,0,0
0.46498,0.46924,0.31531,0,0,0,0,0,0
0.52144,0.70307,0.2482,0,0,0,0,0,0
0.69401,0.54062,0.22104,0,0,0,0,0,0
0.54541,0.49801,0.18961,0,0,0,0,0,0
0.44474,0.38509,0.10279,0,0,0,0,0,0
0.37124,0.32117,0.5592,0,0,0,0,0,0
-0.5486,-0.1438,-0.10386,0,0,0,0,0,0
-0.28176,-0.16884,-0.20026,0,0,0,0,0,0
-0.60453,-0.44315,-0.26738,0,0,0,0,0,0
-0.96299,-0.70786,-0.23222,0,0,0,0,0,0
-1.32678,-0.9827,-0.24234,0,0,0,0,0,0
-1.63518,-1.28737,-0.351,0,0,0,0,0,0
-1.66394,-1.28311,-0.53476,0,0,0,0,0,0
-1.84344,-1.35022,-0.58269,0,0,0,0,0,0
-1.78591,-1.35821,-0.35047,0,0,0,0,0,0
-1.55635,-1.14143,-0.17417,0,0,0,0,0,0
-1.30335,-0.93903,-0.21678,0,0,0,0,0,0
-1.19362,-0.94808,-0.33023,0,0,0,0,0,0
-1.17232,-1.8923,-0.37071,0,0,0,0,0,0
-1.14569,-0.98057,-0.31585,0,0,0,0,0,0
-1.21227,-0.9044,-0.21624,0,0,0,0,0,0
-1.8976,-0.87511,-0.1699,0,0,0,0,0,0
-0.92784,-0.75047,-0.24021,0,0,0,0,0,0
-0.9875,-0.91026,-0.30839,0,0,0,0,0,0
-0.94755,-0.74089,-0.29454,0,0,0,0,0,0
-0.78882,-0.71692,-0.26365,0,0,0,0,0,0
-0.77018,-0.98004,-0.1992,0,0,0,0,0,0
-0.86925,-0.91932,-0.25406,0,0,0,0,0,0
-0.9582,-0.98856,-0.47084,0,0,0,0,0,0
-1.24369,-1.42159,-0.42344,0,0,0,0,0,0
-1.49509,-1.71401,-0.19441,0,0,0,0,0,0
-1.73212,-1.83332,-0.21518,0,0,0,0,0,0
-2.5755,-1.71347,-0.33342,0,0,0,0,0,0
-2.31481,-1.70069,-0.4048,0,0,0,0,0,0
-2.63759,-1.97286,-0.53263,0,0,0,0,0,0
-2.82827,-2.36648,-0.69188,0,0,0,0,0,0
-2.67381,-2.3276,-0.83623,0,0,0,0,0,0
-1.35714,-0.81066,-0.94915,0,0,0,0,0,0
-0.85061,-0.35313,-0.3771,0,0,0,0,0,0
-0.47137,-0.25566,-0.11824,0,0,0,0,0,0
-0.30306,-0.24501,-0.21358,0,0,0,0,0,0
-0.45007,-0.49215,-0.302,0,0,0,0,0,0
-0.73396,-0.92038,-0.21731,0,0,0,0,0,0
-0.55233,-0.93104,-0.7723,0,0,0,0,0,0
-1.13131,-1.47539,-0.13209,0,0,0,0,0,0
-1.74863,-2.11135,-0.40959,0,0,0,0,0,0
-1.69536,-1.87806,-0.54594,0,0,0,0,0,0
-1.66234,-1.68151,-0.44261,0,0,0,0,0,0
-1.90948,-2.9217,-0.47191,0,0,0,0,0,0
-1.90629,-2.26848,-0.46285,0,0,0,0,0,0
-1.80562,-2.4477,-0.41492,0,0,0,0,0,0
-2.1015,-2.6235,-0.51239,0,0,0,0,0,0
-1.88445,-1.81574,-0.5763,0,0,0,0,0,0
-1.95316,-1.78378,-0.64182,0,0,0,0,0,0
-2.749,-1.91694,-0.7835,0,0,0,0,0,0
-1.60695,-1.6192,-0.79841,0,0,0,0,0,0
-1.26659,-1.17498,-0.57417,0,0,0,0,0,0
-1.47698,-1.24582,-0.59228,0,0,0,0,0,0
-1.71347,-1.28204,-0.82664,0,0,0,0,0,0
-1.60055,-1.14995,-0.7526,0,0,0,0,0,0
-1.63784,-1.23943,-0.81865,0,0,0,0,0,0
-1.63411,-1.39975,-0.97897,0,0,0,0,0,0
-1.4381,-1.44982,-0.76113,0,0,0,0,0,0
-1.10308,-1.21173,-0.56831,0,0,0,0,0,0
-0.90813,-1.5514,-0.32597,0,0,0,0,0,0
-0.86286,-0.89908,-0.16564,0,0,0,0,0,0
-0.65034,-0.70946,-0.41971,0,0,0,0,0,0
-0.71532,-1.3011,-0.52783,0,0,0,0,0,0
-0.6285,-1.2318,-0.62584,0,0,0,0,0,0
-0.68389,-1.827,-0.5779,0,0,0,0,0,0
-1.6686,-1.20694,-0.75846,0,0,0,0,0,0
-1.24263,-1.36194,-0.77444,0,0,0,0,0,0
-1.4822,-1.14356,-0.63383,0,0,0,0,0,0
-0.94861,-1.5727,-0.61465,0,0,0,0,0,0
-1.2373,-1.35767,-0.7835,0,0,0,0,0,0
-1.17179,-1.34276,-0.6269,0,0,0,0,0,0
-0.69881,-0.81865,-0.38935,0,0,0,0,0,0
-0.85061,-0.86925,-0.49375,0,0,0,0,0,0
-1.11852,-1.1622,-0.79149,0,0,0,0,0,0
-1.349,-1.2389,-0.79735,0,0,0,0,0,0
-0.92038,-1.19735,-0.66099,0,0,0,0,0,0
-1.22345,-1.44556,-0.81386,0,0,0,0,0,0
-1.27405,-1.32199,-1.188,0,0,0,0,0,0
-1.5301,-1.33317,-0.82984,0,0,0,0,0,0
-0.8309,-1.26713,-0.66845,0,0,0,0,0,0
-0.8032,-0.92731,-0.68123,0,0,0,0,0,0
-0.85221,-0.95021,-0.69029,0,0,0,0,0,0
-0.66312,-0.97152,-0.53209,0,0,0,0,0,0
-0.58269,-1.2531,-0.48682,0,0,0,0,0,0
-0.58216,-0.82398,-0.55873,0,0,0,0,0,0
-0.74781,-0.80747,-0.6056,0,0,0,0,0,0
-0.54488,-0.74302,-0.46658,0,0,0,0,0,0
-0.36059,-0.73663,-0.35366,0,0,0,0,0,0
-0.31798,-0.61199,-0.33289,0,0,0,0,0,0
-0.24394,-0.38456,-0.253,0,0,0,0,0,0
-0.43143,-0.62211,-0.43089,0,0,0,0,0,0
-0.42397,-0.66152,-0.51292,0,0,0,0,0,0
-0.13688,-0.46072,-0.29987,0,0,0,0,0,0
0.964,-0.1454,-0.12357,0,0,0,0,0,0
0.35366,0.29081,0.5965,0,0,0,0,0,0
0.68762,0.4293,0.13954,0,0,0,0,0,0
0.90813,0.45699,0.21145,0,0,0,0,0,0
0.9353,0.68017,0.1747,0,0,0,0,0,0
0.91985,0.91239,0.3004,0,0,0,0,0,0
0.92411,1.9988,0.31585,0,0,0,0,0,0
1.6739,1.20641,0.36165,0,0,0,0,0,0
1.27778,1.33104,0.46818,0,0,0,0,0,0
1.4658,1.47698,0.75207,0,0,0,0,0,0
1.20215,1.32199,0.57684,0,0,0,0,0,0
0.79788,1.11906,0.30679,0,0,0,0,0,0
1.3756,1.15687,0.50387,0,0,0,0,0,0
1.44236,1.30175,0.74781,0,0,0,0,0,0
1.42372,1.47379,0.72757,0,0,0,0,0,0
1.56061,1.68578,0.73449,0,0,0,0,0,0
1.61653,1.68098,0.68549,0,0,0,0,0,0
1.46367,1.29802,0.41918,0,0,0,0,0,0
1.27032,1.26659,0.25992,0,0,0,0,0,0
1.4429,1.61334,0.57577,0,0,0,0,0,0
1.87166,2.4477,0.77657,0,0,0,0,0,0
2.322,2.16674,0.70307,0,0,0,0,0,0
1.9947,2.9803,0.54807,0,0,0,0,0,0
1.91481,2.24,0.50706,0,0,0,0,0,0
1.75662,1.9963,0.49907,0,0,0,0,0,0
1.83385,2.8365,0.48895,0,0,0,0,0,0
2.714,2.43199,0.64821,0,0,0,0,0,0
2.36488,2.6264,0.7803,0,0,0,0,0,0
2.27327,2.53479,0.7068,0,0,0,0,0,0
2.1654,2.31961,0.49321,0,0,0,0,0,0
1.80402,1.9718,0.38402,0,0,0,0,0,0
1.74916,1.8967,0.40799,0,0,0,0,0,0
1.95422,2.33239,0.54648,0,0,0,0,0,0
2.17527,2.71003,0.64768,0,0,0,0,0,0
2.3145,2.41548,0.47564,0,0,0,0,0,0
1.56487,1.80828,0.31744,0,0,0,0,0,0
1.25914,1.44343,0.18695,0,0,0,0,0,0
1.21546,1.53025,0.9427,0,0,0,0,0,0
1.39975,1.54197,0.13102,0,0,0,0,0,0
1.45302,1.52119,0.19867,0,0,0,0,0,0
1.32838,1.76727,0.23702,0,0,0,0,0,0
1.41999,2.3199,0.33715,0,0,0,0,0,0
1.33051,1.86101,0.38083,0,0,0,0,0,0
1.21812,1.44556,0.34088,0,0,0,0,0,0
1.25115,1.30281,0.25353,0,0,0,0,0,0
1.17445,1.26287,0.16724,0,0,0,0,0,0
1.1393,1.28524,0.20399,0,0,0,0,0,0
1.16859,1.47858,0.3249,0,0,0,0,0,0
1.19362,1.36993,0.31851,0,0,0,0,0,0
1.14835,1.13237,0.18801,0,0,0,0,0,0
1.25275,1.14942,0.9534,0,0,0,0,0,0
1.29376,1.29536,0.1763,0,0,0,0,0,0
1.2798,1.22132,0.22956,0,0,0,0,0,0
1.1622,1.1835,0.18855,0,0,0,0,0,0
1.28098,1.19842,0.11717,0,0,0,0,0,0
1.9029,1.7751,0.7936,0,0,0,0,0,0
1.14835,1.18776,0.10013,0,0,0,0,0,0
1.22718,1.37845,0.11291,0,0,0,0,0,0
1.11479,1.30228,0.13795,0,0,0,0,0,0
0.98323,1.14249,0.15978,0,0,0,0,0,0
0.89748,1.5194,0.2822,0,0,0,0,0,0
0.91452,1.104,0.4527,0,0,0,0,0,0
0.82078,1.10521,0.996,0,0,0,0,0,0
0.71319,1.241,0.5805,0,0,0,0,0,0
0.66525,0.75793,-0.5752,0,0,0,0,0,0
0.52943,0.6024,-0.1704,0,0,0,0,0,0
0.38296,0.54221,-0.14168,0,0,0,0,0,0
0.45327,0.66579,-0.8415,0,0,0,0,0,0
0.34993,0.56086,-0.8415,0,0,0,0,0,0
0.15233,0.38296,-0.15552,0,0,0,0,0,0
-0.458,0.14221,-0.26578,0,0,0,0,0,0
-0.15339,-0.2556,-0.3755,0,0,0,0,0,0
-0.8575,0.2024,-0.39468,0,0,0,0,0,0
-0.20186,0.197,-0.39468,0,0,0,0,0,0
-0.33396,-0.9587,-0.46019,0,0,0,0,0,0
-0.3281,-0.25406,-0.43196,0,0,0,0,0,0
-0.56672,-0.42024,-0.51292,0,0,0,0,0,0
-0.64874,-0.45912,-0.56405,0,0,0,0,0,0
-0.51718,-0.46392,-0.3526,0,0,0,0,0,0
-0.63489,-0.59761,-0.18748,0,0,0,0,0,0
-0.88843,-0.85913,-0.29827,0,0,0,0,0,0
-0.97631,-0.92411,-0.36112,0,0,0,0,0,0
-1.2158,-0.99229,-0.39414,0,0,0,0,0,0
-1.8656,-1.11746,-0.42557,0,0,0,0,0,0
-1.17658,-1.34329,-0.46498,0,0,0,0,0,0
-1.32785,-1.60109,-0.49534,0,0,0,0,0,0
-1.4871,-1.77046,-0.64981,0,0,0,0,0,0
-1.31986,-1.72839,-0.54168,0,0,0,0,0,0
-1.17019,-1.7662,-0.351,0,0,0,0,0,0
-1.37152,-2.3838,-0.44261,0,0,0,0,0,0
-1.30921,-2.6501,-0.49002,0,0,0,0,0,0
-1.46047,-2.20722,-0.64288,0,0,0,0,0,0
-0.67697,-1.72998,-0.48948,0,0,0,0,0,0
-0.56139,-1.54516,-0.13422,0,0,0,0,0,0
-0.7574,-1.16326,-0.5699,0,0,0,0,0,0
-1.14622,-1.35927,-0.41225,0,0,0,0,0,0
-1.55422,-1.84823,-0.68816,0,0,0,0,0,0
-1.54782,-1.84237,-0.55713,0,0,0,0,0,0
-1.26766,-1.61866,-0.42077,0,0,0,0,0,0
-1.51906,-1.60109,-0.56725,0,0,0,0,0,0
-1.79177,-1.60908,-0.66632,0,0,0,0,0,0
-1.82266,-1.5393,-0.67005,0,0,0,0,0,0
-2.4424,-1.72945,-0.8309,0,0,0,0,0,0
-1.95422,-1.80722,-0.81705,0,0,0,0,0,0
-1.5931,-1.44449,-0.62477,0,0,0,0,0,0
-1.55368,-1.30867,-0.64288,0,0,0,0,0,0
-1.41999,-1.14835,-0.69135,0,0,0,0,0,0
-1.7538,-1.2798,-0.64608,0,0,0,0,0,0
-0.78403,-1.19149,-0.41225,0,0,0,0,0,0
-0.74089,-1.22931,-0.33182,0,0,0,0,0,0
-1.25807,-1.43331,-0.6056,0,0,0,0,0,0
-1.54995,-1.72093,-0.70307,0,0,0,0,0,0
-1.42159,-1.52865,-0.61199,0,0,0,0,0,0
-1.41467,-1.31719,-0.49002,0,0,0,0,0,0
-1.46473,-1.51161,-0.51345,0,0,0,0,0,0
-1.22771,-1.29216,-0.45486,0,0,0,0,0,0
-0.6317,-0.50387,-0.15233,0,0,0,0,0,0
0.96832,0.16405,0.77817,0,0,0,0,0,0
0.19973,-1.20534,0.74408,0,0,0,0,0,0
-0.18002,-1.70602,-0.4207,0,0,0,0,0,0
-0.6807,-1.87007,-0.25086,0,0,0,0,0,0
-1.17338,-2.7353,-0.40639,0,0,0,0,0,0
-1.8232,-3.1789,-0.65087,0,0,0,0,0,0
-1.59789,-3.9193,-0.58696,0,0,0,0,0,0
-0.46179,-2.2719,-0.27909,0,0,0,0,0,0
0.53423,-1.507,-0.8415,0,0,0,0,0,0
0.4154,-1.17764,-0.1225,0,0,0,0,0,0
-0.63862,-1.36513,-0.28176,0,0,0,0,0,0
-1.24103,-1.69856,-0.51505,0,0,0,0,0,0
-1.45515,-1.83651,-0.6024,0,0,0,0,0,0
-1.85249,-2.8951,-0.68549,0,0,0,0,0,0
-2.2003,-2.10656,-0.71053,0,0,0,0,0,0
-1.96168,-1.88232,-0.59068,0,0,0,0,0,0
-1.8284,-1.52652,-0.51984,0,0,0,0,0,0
-0.65513,-1.3614,-0.4996,0,0,0,0,0,0
-0.94968,-1.4429,-0.52357,0,0,0,0,0,0
-1.24316,-1.40881,-0.56352,0,0,0,0,0,0
-1.31719,-1.2847,-0.43036,0,0,0,0,0,0
-1.15527,-0.96619,-0.41172,0,0,0,0,0,0
-1.23943,-1.20321,-0.72224,0,0,0,0,0,0
-0.82557,-1.8017,-0.7281,0,0,0,0,0,0
-0.38988,-0.87191,-0.53369,0,0,0,0,0,0
-0.3526,-0.92464,-0.55447,0,0,0,0,0,0
-0.53103,-0.96459,-0.67058,0,0,0,0,0,0
-0.48735,-0.74461,-0.604,0,0,0,0,0,0
0.852,-0.3771,-0.14807,0,0,0,0,0,0
0.11238,-0.17523,0.27057,0,0,0,0,0,0
-0.21891,0.458,0.12996,0,0,0,0,0,0
-0.23329,0.1917,-0.479,0,0,0,0,0,0
-0.2982,0.11664,0.10546,0,0,0,0,0,0
-0.1278,0.11185,0.36059,0,0,0,0,0,0
0.29401,0.45912,0.74461,0,0,0,0,0,0
0.34567,0.43516,0.7084,0,0,0,0,0,0
0.8255,0.25885,0.31904,0,0,0,0,0,0
0.2343,0.20825,0.25406,0,0,0,0,0,0
0.12889,0.10386,0.4751,0,0,0,0,0,0
-0.6444,-0.964,0.59548,0,0,0,0,0,0
0.11824,0.7243,0.75793,0,0,0,0,0,0
0.46765,0.33449,0.83836,0,0,0,0,0,0
0.72651,0.23595,0.69987,0,0,0,0,0,0
0.4522,0.3302,0.49375,0,0,0,0,0,0
0.37444,0.8255,0.74035,0,0,0,0,0,0
0.72491,0.27803,1.26713,0,0,0,0,0,0
0.72864,0.58483,1.8976,0,0,0,0,0,0
1.77046,1.18191,0.41278,0,0,0,0,0,0
1.32146,0.4846,0.14966,0,0,0,0,0,0
1.17605,0.18588,0.34408,0,0,0,0,0,0
0.57098,0.4293,0.52144,0,0,0,0,0,0
0.30786,0.5305,0.40107,0,0,0,0,0,0
0.33715,0.36059,0.25672,0,0,0,0,0,0
0.4293,0.39574,0.18375,0,0,0,0,0,0
0.4293,0.43462,0.8788,0,0,0,0,0,0
0.40053,0.18588,-0.23489,0,0,0,0,0,0
0.30306,0.1917,-0.41918,0,0,0,0,0,0
0.63489,0.23702,-0.1257,0,0,0,0,0,0
0.9859,0.70999,0.2711,0,0,0,0,0,0
1.44023,1.1679,0.37444,0,0,0,0,0,0
2.15503,1.35128,0.33023,0,0,0,0,0,0
2.23279,1.23091,-0.3408,0,0,0,0,0,0
2.8043,1.6682,-0.23861,0,0,0,0,0,0
3.8234,1.92173,-0.10333,0,0,0,0,0,0
2.82827,2.19497,0.22583,0,0,0,0,0,0
2.33026,2.2719,0.27856,0,0,0,0,0,0
1.89936,1.73212,0.31904,0,0,0,0,0,0
2.6022,1.83651,0.2775,0,0,0,0,0,0
2.13958,1.66447,0.29401,0,0,0,0,0,0
1.98192,1.52013,0.38402,0,0,0,0,0,0
2.13159,1.5686,0.40959,0,0,0,0,0,0
1.89617,1.35501,0.52837,0,0,0,0,0,0
1.40455,1.61,0.42344,0,0,0,0,0,0
1.21812,0.6269,0.12516,0,0,0,0,0,0
1.46154,0.90334,0.2514,0,0,0,0,0,0
1.73158,1.10095,0.54168,0,0,0,0,0,0
1.75342,1.12758,0.68869,0,0,0,0,0,0
1.71401,1.3277,0.45859,0,0,0,0,0,0
1.39389,0.9076,0.28708,0,0,0,0,0,0
1.6952,0.73396,0.20932,0,0,0,0,0,0
1.14569,0.79308,0.14327,0,0,0,0,0,0
1.17978,1.1892,0.14061,0,0,0,0,0,0
1.23464,1.20002,0.14327,0,0,0,0,0,0
1.4674,1.23357,0.7723,0,0,0,0,0,0
1.62772,1.23623,0.16032,0,0,0,0,0,0
1.60695,1.27458,0.36804,0,0,0,0,0,0
1.45142,1.25488,0.28282,0,0,0,0,0,0
1.45994,1.30814,0.16405,0,0,0,0,0,0
1.57818,1.31719,0.19973,0,0,0,0,0,0
1.80189,1.22878,0.27963,0,0,0,0,0,0
1.80029,1.26606,0.32703,0,0,0,0,0,0
1.61121,1.23091,0.2237,0,0,0,0,0,0
1.53451,1.16167,0.1241,0,0,0,0,0,0
1.44236,1.10201,0.13049,0,0,0,0,0,0
1.3156,0.94542,0.1225,0,0,0,0,0,0
1.40614,0.9092,0.17896,0,0,0,0,0,0
1.51746,1.10574,0.18109,0,0,0,0,0,0
1.62026,1.32412,0.16032,0,0,0,0,0,0
1.63731,1.22452,0.18002,0,0,0,0,0,0
1.5393,1.1132,0.26844,0,0,0,0,0,0
1.27884,0.90387,0.2205,0,0,0,0,0,0
1.3662,0.98909,0.14966,0,0,0,0,0,0
1.34383,1.2638,0.8894,0,0,0,0,0,0
1.44875,1.11,0.147,0,0,0,0,0,0
1.34436,0.97365,0.18855,0,0,0,0,0,0
1.12758,0.79202,0.687,0,0,0,0,0,0
1.7325,0.76059,0.3408,0,0,0,0,0,0
1.9136,0.7297,0.8415,0,0,0,0,0,0
1.17818,0.78829,0.2343,0,0,0,0,0,0
1.15261,0.84049,-0.2024,0,0,0,0,0,0
1.2318,0.73822,-0.6711,0,0,0,0,0,0
0.77551,0.48842,-0.6764,0,0,0,0,0,0
0.43516,-0.3781,-0.24394,0,0,0,0,0,0
0.25566,-0.16564,-0.56032,0,0,0,0,0,0
0.67324,0.30732,-0.74142,0,0,0,0,0,0
0.40373,0.14753,-0.77338,0,0,0,0,0,0
0.54381,0.26525,-0.83889,0,0,0,0,0,0
0.46232,0.13688,-0.64022,0,0,0,0,0,0
0.23595,0.19334,-0.33342,0,0,0,0,0,0
-0.14168,0.2024,-0.3834,0,0,0,0,0,0
-0.58589,-0.25726,-0.5219,0,0,0,0,0,0
-0.91346,-0.47404,-0.5432,0,0,0,0,0,0
-1.27032,-0.63329,-0.18801,0,0,0,0,0,0
-1.63518,-0.86765,-0.38615,0,0,0,0,0,0
-1.84077,-1.11107,-0.46179,0,0,0,0,0,0
-1.99577,-1.20268,-0.46339,0,0,0,0,0,0
-1.95902,-1.29695,-0.55979,0,0,0,0,0,0
-1.91907,-1.51533,-0.61146,0,0,0,0,0,0
-2.18379,-1.95103,-0.56245,0,0,0,0,0,0
-2.42347,-2.20563,-0.56778,0,0,0,0,0,0
-2.42933,-2.589,-0.49588,0,0,0,0,0,0
-1.94943,-1.50841,-0.58642,0,0,0,0,0,0
-2.7673,-1.59683,-0.75047,0,0,0,0,0,0
-2.2773,-1.55102,-0.81812,0,0,0,0,0,0
-1.60641,-1.27618,-0.80161,0,0,0,0,0,0
-1.1393,-0.84155,-0.74408,0,0,0,0,0,0
-1.14143,-0.43888,-0.59228,0,0,0,0,0,0
-0.97205,-0.6924,-0.46658,0,0,0,0,0,0
-0.69828,0.53,-0.3984,0,0,0,0,0,0
-0.48576,0.6764,-0.28069,0,0,0,0,0,0
-0.59281,0.3834,-0.60613,0,0,0,0,0,0
-0.68017,-0.2466,-1.10414,0,0,0,0,0,0
-0.73077,-0.73077,-1.72146,0,0,0,0,0,0
-0.96992,-1.25807,-1.92013,0,0,0,0,0,0
-0.9305,-0.97897,-1.74916,0,0,0,0,0,0
-0.67164,-0.58216,-1.34596,0,0,0,0,0,0
-0.77338,-0.46445,-1.38803,0,0,0,0,0,0
-0.73716,-0.69828,-1.52812,0,0,0,0,0,0
-0.78296,-1.17764,-1.73158,0,0,0,0,0,0
-1.17978,-1.65808,-2.23385,0,0,0,0,0,0
-1.62719,-1.59043,-2.35636,0,0,0,0,0,0
-1.37312,-0.58483,-1.86421,0,0,0,0,0,0
-0.81066,-0.9267,-1.66554,0,0,0,0,0,0
-0.41332,-0.3281,-1.63944,0,0,0,0,0,0
-0.4687,-0.26365,-1.79337,0,0,0,0,0,0
0.10759,0.229,-1.66341,0,0,0,0,0,0
-0.34141,0.19014,-1.59576,0,0,0,0,0,0
-0.5502,0.27696,-1.89617,0,0,0,0,0,0
-0.43143,0.23489,-1.92067,0,0,0,0,0,0
0.28921,0.52091,-1.68418,0,0,0,0,0,0
0.44794,0.35952,-1.37206,0,0,0,0,0,0
0.41705,0.36432,-1.3401,0,0,0,0,0,0
0.28176,0.67111,-1.63464,0,0,0,0,0,0
0.39201,1.4555,-2.536,0,0,0,0,0,0
0.12303,1.7059,-1.7923,0,0,0,0,0,0
0.29614,1.614,-1.34809,0,0,0,0,0,0
0.41705,0.97365,-1.53611,0,0,0,0,0,0
0.39681,1.5141,-1.47485,0,0,0,0,0,0
0.21944,0.92145,-1.46899,0,0,0,0,0,0
0.17097,0.79894,-1.26233,0,0,0,0,0,0
0.24554,0.8032,-0.97951,0,0,0,0,0,0
0.44528,0.95767,-1.63145,0,0,0,0,0,0
0.49801,1.9029,-1.78005,0,0,0,0,0,0
0.63862,0.8847,-1.15208,0,0,0,0,0,0
0.83516,0.68549,-0.80427,0,0,0,0,0,0
0.63276,0.70254,-1.36353,0,0,0,0,0,0
0.61465,1.38537,-1.15794,0,0,0,0,0,0
0.66152,1.21653,-0.98217,0,0,0,0,0,0
0.34035,0.79841,-0.8538,0,0,0,0,0,0
0.16937,0.9843,-0.78776,0,0,0,0,0,0
0.40586,1.12332,-1.1253,0,0,0,0,0,0
0.24607,0.8309,-0.86126,0,0,0,0,0,0
0.585,0.67857,-0.14913,0,0,0,0,0,0
-0.15765,0.50546,0.21252,0,0,0,0,0,0
-0.7616,0.5518,0.59015,0,0,0,0,0,0
-0.5379,0.28016,1.22239,0,0,0,0,0,0
-0.9427,0.16245,1.97659,0,0,0,0,0,0
-0.4846,0.37177,2.45543,0,0,0,0,0,0
-0.18642,0.30466,2.51349,0,0,0,0,0,0
-0.44421,0.6178,2.31481,0,0,0,0,0,0
-0.55819,-0.17576,2.13905,0,0,0,0,0,0
-0.20453,0.15978,2.2986,0,0,0,0,0,0
-0.18109,0.55393,1.98565,0,0,0,0,0,0
-0.32969,0.50173,2.4264,0,0,0,0,0,0
-0.41758,0.29667,2.6767,0,0,0,0,0,0
0.16138,0.21038,1.91694,0,0,0,0,0,0
0.30146,-0.12357,1.41413,0,0,0,0,0,0
0.44581,-0.16937,1.1883,0,0,0,0,0,0
0.46179,0.44101,1.32252,0,0,0,0,0,0
0.28389,0.81918,1.76993,0,0,0,0,0,0
0.22477,0.70946,1.99364,0,0,0,0,0,0
0.3994,0.20666,1.8935,0,0,0,0,0,0
-0.19973,-0.22583,1.7662,0,0,0,0,0,0
-0.15872,-0.7403,1.68365,0,0,0,0,0,0
-0.18588,0.59335,1.71986,0,0,0,0,0,0
-0.48948,0.84741,2.15076,0,0,0,0,0,0
-0.75473,0.2221,2.39631,0,0,0,0,0,0
-0.76379,-0.6301,1.77473,0,0,0,0,0,0
-0.68017,-0.57843,1.10414,0,0,0,0,0,0
-0.66632,0.16405,1.47752,0,0,0,0,0,0
-0.62637,0.45486,1.97393,0,0,0,0,0,0
-0.49428,0.2609,2.8738,0,0,0,0,0,0
-0.22903,0.28336,2.33346,0,0,0,0,0,0
-0.34141,0.68656,2.36755,0,0,0,0,0,0
-0.54914,0.58589,1.83118,0,0,0,0,0,0
-0.28655,0.94222,1.60748,0,0,0,0,0,0
-0.26258,1.27884,1.81787,0,0,0,0,0,0
-0.23968,0.80533,1.75235,0,0,0,0,0,0
-0.11185,0.39201,1.62346,0,0,0,0,0,0
-0.38882,0.27537,1.86847,0,0,0,0,0,0
-0.58429,-0.213,1.91214,0,0,0,0,0,0
-0.41065,-0.19334,1.86847,0,0,0,0,0,0
-0.53369,-0.25939,1.78911,0,0,0,0,0,0
-0.76219,-0.30413,2.11561,0,0,0,0,0,0
-0.67005,-0.78456,2.32174,0,0,0,0,0,0
-1.855,-0.8341,2.34304,0,0,0,0,0,0
-0.69561,-0.52624,2.16088,0,0,0,0,0,0
-0.30306,-0.38242,1.52066,0,0,0,0,0,0
-0.68549,-0.5113,1.62079,0,0,0,0,0,0
-0.5779,-0.19707,1.71667,0,0,0,0,0,0
-0.51825,-0.71372,2.10123,0,0,0,0,0,0
-0.58376,-0.95927,1.87699,0,0,0,0,0,0
-0.48576,-0.45327,1.40348,0,0,0,0,0,0
-0.45699,0.703,1.18031,0,0,0,0,0,0
-0.33076,-0.4367,1.40348,0,0,0,0,0,0
-0.4751,-0.58003,1.25754,0,0,0,0,0,0
-0.48043,-0.39734,1.34862,0,0,0,0,0,0
-0.45593,-0.25672,1.46633,0,0,0,0,0,0
-0.47191,-0.27963,1.60961,0,0,0,0,0,0
-0.46658,-0.61039,1.47432,0,0,0,0,0,0
-0.40373,-0.4,1.72998,0,0,0,0,0,0
-0.47883,-0.47244,1.76567,0,0,0,0,0,0
-0.4,-0.4522,1.74596,0,0,0,0,0,0
-0.245,-0.28868,1.65595,0,0,0,0,0,0
0.11398,-0.19654,1.61866,0,0,0,0,0,0
-0.8894,-0.28069,1.3703,0,0,0,0,0,0
-0.32117,-0.4314,0.86872,0,0,0,0,0,0
-0.5965,-0.7936,0.86073,0,0,0,0,0,0
0.4101,-0.17417,0.82824,0,0,0,0,0,0
0.22956,0.585,0.63809,0,0,0,0,0,0
0.4633,-0.2077,0.57364,0,0,0,0,0,0
-0.9906,-0.17683,0.40266,0,0,0,0,0,0
0.639,0.19281,0.37603,0,0,0,0,0,0
-0.2876,-0.16511,0.35686,0,0,0,0,0,0
-0.2876,-0.506,0.21198,0,0,0,0,0,0
-0.996,-0.10173,-0.9214,0,0,0,0,0,0
-0.17417,0.6391,-0.4522,0,0,0,0,0,0
-0.20133,0.1225,-0.8096,0,0,0,0,0,0
-0.23542,-0.19068,-1.35767,0,0,0,0,0,0
-0.41598,-0.35739,-1.85675,0,0,0,0,0,0
-0.41705,-0.8202,-1.90842,0,0,0,0,0,0
-0.7084,0.5219,-1.23783,0,0,0,0,0,0
0.12623,-0.4474,-0.97365,0,0,0,0,0,0
0.14434,-0.3781,-1.35608,0,0,0,0,0,0
0.22423,0.4032,-1.96647,0,0,0,0,0,0
0.4032,0.83463,-2.1175,0,0,0,0,0,0
0.58802,0.50972,-2.36595,0,0,0,0,0,0
0.59495,0.63596,-2.65623,0,0,0,0,0,0
0.27803,0.85221,-2.66688,0,0,0,0,0,0
0.43143,0.71585,-2.45596,0,0,0,0,0,0
0.44581,0.4293,-2.18166,0,0,0,0,0,0
0.59867,0.38562,-2.39151,0,0,0,0,0,0
0.51505,0.9001,-2.99871,0,0,0,0,0,0
-0.7084,0.17843,-3.33427,0,0,0,0,0,0
-0.3233,0.12676,-3.43174,0,0,0,0,0,0
0.2396,0.42983,-3.14519,0,0,0,0,0,0
-0.3834,0.41758,-2.4746,0,0,0,0,0,0
-0.33182,-0.9321,-2.25889,0,0,0,0,0,0
-0.2663,-0.19068,-2.38725,0,0,0,0,0,0
0.22743,0.703,-2.41548,0,0,0,0,0,0
-0.14594,0.13315,-1.93771,0,0,0,0,0,0
-0.32064,0.41172,-1.16699,0,0,0,0,0,0
0.34088,0.47457,-0.96246,0,0,0,0,0,0
0.82824,0.33129,-1.20428,0,0,0,0,0,0
1.12119,0.27696,-1.96647,0,0,0,0,0,0
1.19788,-0.4048,-3.7222,0,0,0,0,0,0
0.2929,-0.15126,-2.99712,0,0,0,0,0,0
-0.91452,0.30413,-2.31535,0,0,0,0,0,0
-0.69828,-0.11185,-2.67381,0,0,0,0,0,0
-0.84528,-0.85167,-3.22135,0,0,0,0,0,0
-1.21972,-1.27086,-3.14519,0,0,0,0,0,0
-1.23251,-0.51079,-2.7992,0,0,0,0,0,0
-0.26258,0.61092,-1.6419,0,0,0,0,0,0
0.13688,0.63489,-1.823,0,0,0,0,0,0
0.49588,0.48576,-1.28896,0,0,0,0,0,0
0.66365,0.1976,-1.40401,0,0,0,0,0,0
0.68176,-0.11558,-1.31773,0,0,0,0,0,0
0.50813,-0.13156,-1.17019,0,0,0,0,0,0
0.32916,0.14807,-1.21014,0,0,0,0,0,0
0.76326,0.66792,-1.24742,0,0,0,0,0,0
0.61199,0.41065,-1.28204,0,0,0,0,0,0
0.60986,0.14647,-1.24316,0,0,0,0,0,0
0.54381,-0.11717,-1.12545,0,0,0,0,0,0
0.38882,-0.15339,-1.3277,0,0,0,0,0,0
0.3723,0.26471,-0.98856,0,0,0,0,0,0
0.44741,0.47723,-1.21014,0,0,0,0,0,0
0.45273,0.36272,-1.32465,0,0,0,0,0,0
0.64661,0.58376,-1.1679,0,0,0,0,0,0
0.81705,0.79841,-0.77657,0,0,0,0,0,0
0.96726,0.86286,-0.72544,0,0,0,0,0,0
0.96033,0.74461,-0.89535,0,0,0,0,0,0
0.97152,0.75101,-0.85807,0,0,0,0,0,0
0.85434,0.71479,-0.82398,0,0,0,0,0,0
0.77178,0.63383,-0.71479,0,0,0,0,0,0
0.46232,0.26897,-0.59068,0,0,0,0,0,0
0.34674,0.3249,-0.59122,0,0,0,0,0,0
0.42504,0.6072,-0.78776,0,0,0,0,0,0
0.55074,0.196,-1.1999,0,0,0,0,0,0
0.26844,0.28549,-0.76379,0,0,0,0,0,0
0.50067,0.28868,-0.69242,0,0,0,0,0,0
0.55713,0.25459,-0.77604,0,0,0,0,0,0
0.21731,0.15552,-0.48149,0,0,0,0,0,0
0.25619,0.20932,-0.45912,0,0,0,0,0,0
0.12623,0.19334,-0.35579,0,0,0,0,0,0
0.6977,0.23009,-0.24607,0,0,0,0,0,0
0.1278,0.14753,-0.49854,0,0,0,0,0,0
-0.10226,0.3834,-0.57524,0,0,0,0,0,0
-0.14381,0.15872,-0.34408,0,0,0,0,0,0
-0.12836,0.5379,-0.29774,0,0,0,0,0,0
0.42237,0.13209,-0.24607,0,0,0,0,0,0
-0.33076,-0.20559,0.13954,0,0,0,0,0,0
-0.3249,-0.458,0.19494,0,0,0,0,0,0
-0.6604,0.7723,0.43835,0,0,0,0,0,0
-0.10812,-0.2929,0.53582,0,0,0,0,0,0
-0.2769,-0.2609,0.5534,0,0,0,0,0,0
-0.1118,0.11504,0.71425,0,0,0,0,0,0
0,0.964,0.88683,0,0,0,0,0,0
0.4314,0.12729,0.84368,0,0,0,0,0,0
0.17044,0.3755,0.81332,0,0,0,0,0,0
0.2183,0.50014,0.8325,0,0,0,0,0,0
-0.8841,0.60293,1.9402,0,0,0,0,0,0
-0.40107,0.7068,1.50575,0,0,0,0,0,0
-0.21145,0.94915,1.4168,0,0,0,0,0,0
0.4314,0.73023,0.9076,0,0,0,0,0,0
-0.13688,0.30999,0.97311,0,0,0,0,0,0
-0.40107,0.21891,1.53451,0,0,0,0,0,0
-0.76485,0.36112,2.7087,0,0,0,0,0,0
-0.71159,0.97578,1.90682,0,0,0,0,0,0
-0.58163,0.35952,1.30921,0,0,0,0,0,0
-0.80054,-0.2775,1.19629,0,0,0,0,0,0
-0.81226,-0.5858,1.38537,0,0,0,0,0,0
-1.16806,-0.6391,1.64423,0,0,0,0,0,0
-1.12119,0.19813,1.85835,0,0,0,0,0,0
-1.2798,0.18429,1.80988,0,0,0,0,0,0
-0.77924,0.17363,1.73318,0,0,0,0,0,0
-0.86978,0.2822,1.71241,0,0,0,0,0,0
-0.93157,0.21944,1.62133,0,0,0,0,0,0
-0.74941,0.14381,1.22079,0,0,0,0,0,0
-0.90068,0.7297,0.97258,0,0,0,0,0,0
-0.95447,0.25513,1.34596,0,0,0,0,0,0
-0.56512,0.49055,1.71081,0,0,0,0,0,0
-0.26525,0.29614,1.6437,0,0,0,0,0,0
-0.506,0.13635,1.5132,0,0,0,0,0,0
-0.73769,-0.106,1.52492,0,0,0,0,0,0
-0.3036,0.18908,1.73052,0,0,0,0,0,0
-0.34301,0.42131,1.87433,0,0,0,0,0,0
-0.30093,0.62797,1.72839,0,0,0,0,0,0
-0.32277,0.50493,1.74277,0,0,0,0,0,0
-0.26791,0.19441,2.6448,0,0,0,0,0,0
-0.26152,-0.18855,2.2346,0,0,0,0,0,0
-0.48096,-0.4846,1.85888,0,0,0,0,0,0
-0.47777,0.47457,2.3572,0,0,0,0,0,0
-0.28069,0.50653,2.13106,0,0,0,0,0,0
-0.41225,-0.18588,1.82852,0,0,0,0,0,0
-0.56245,-0.15393,1.89883,0,0,0,0,0,0
-0.63756,-0.7456,2.13319,0,0,0,0,0,0
-0.77444,0.7669,2.20349,0,0,0,0,0,0
-0.79415,-0.687,1.96488,0,0,0,0,0,0
-0.48629,0.1012,1.72413,0,0,0,0,0,0
-0.59015,0.14966,1.98671,0,0,0,0,0,0
-0.69987,0.213,2.4424,0,0,0,0,0,0
-0.89002,0.28655,2.855,0,0,0,0,0,0
-0.86392,0.106,1.88338,0,0,0,0,0,0
-0.69242,-0.12303,1.81947,0,0,0,0,0,0
-0.96672,-0.35739,1.75502,0,0,0,0,0,0
-0.88789,-0.18748,1.58617,0,0,0,0,0,0
-0.72278,-0.25619,1.56593,0,0,0,0,0,0
-0.57577,-0.40053,1.48444,0,0,0,0,0,0
-0.57897,-0.39361,1.43224,0,0,0,0,0,0
-0.54861,-0.37284,1.23943,0,0,0,0,0,0
-0.43303,-0.2205,1.30601,0,0,0,0,0,0
-0.29987,-0.28229,1.3385,0,0,0,0,0,0
-0.20506,-0.46445,1.39443,0,0,0,0,0,0
-0.79521,-0.88683,1.51906,0,0,0,0,0,0
-1.24156,-1.22505,1.15474,0,0,0,0,0,0
-0.74941,-0.84741,1.12918,0,0,0,0,0,0
-0.28868,-0.65726,1.827,0,0,0,0,0,0
0.10918,-0.18429,0.64075,0,0,0,0,0,0
0.40266,-0.6178,0.51505,0,0,0,0,0,0
0.22477,-0.11025,0.38775,0,0,0,0,0,0
0.2498,0.9214,0.36272,0,0,0,0,0,0
0.39361,-0.18801,0.43835,0,0,0,0,0,0
0.13209,-0.35846,-0.16937,0,0,0,0,0,0
-0.19973,-0.15393,-0.76912,0,0,0,0,0,0
-0.30786,-0.6551,-1.42638,0,0,0,0,0,0
-0.33129,0.24341,-1.91268,0,0,0,0,0,0
0.2972,0.42876,-1.827,0,0,0,0,0,0
0.42397,-0.7936,-0.68816,0,0,0,0,0,0
0.46765,0.8042,-1.6526,0,0,0,0,0,0
0.33822,0.30146,-1.37365,0,0,0,0,0,0
-0.18216,0.3281,-1.47432,0,0,0,0,0,0
-0.12623,0.13635,-2.4157,0,0,0,0,0,0
0.35047,0.44474,-2.9111,0,0,0,0,0,0
0.49161,0.38509,-1.91161,0,0,0,0,0,0
0.35686,0.8042,-2.8845,0,0,0,0,0,0
0.43409,0.12996,-2.42613,0,0,0,0,0,0
0.29081,0.62637,-2.63333,0,0,0,0,0,0
-0.4207,0.73982,-2.75264,0,0,0,0,0,0
0.39254,0.19121,-2.98167,0,0,0,0,0,0
0.66259,-0.20985,-3.134,0,0,0,0,0,0
0.30999,0.28495,-2.21734,0,0,0,0,0,0
0.46498,0.57684,-0.7297,0,0,0,0,0,0
0.56192,-0.5592,-0.60879,0,0,0,0,0,0
0.34461,-0.69668,-1.35661,0,0,0,0,0,0
0.23808,-0.88257,-1.93931,0,0,0,0,0,0
-0.1012,-0.86872,-2.36541,0,0,0,0,0,0
-0.25459,-1.12,-2.81176,0,0,0,0,0,0
-0.21358,-0.759,-2.44424,0,0,0,0,0,0
0.181,-0.52943,-1.56753,0,0,0,0,0,0
0.15339,-0.72065,-1.78112,0,0,0,0,0,0
0.13582,-0.96459,-2.55823,0,0,0,0,0,0
-0.52517,-0.98004,-2.68979,0,0,0,0,0,0
-0.65673,-0.25779,-1.82586,0,0,0,0,0,0
-0.12463,0.14647,-1.35554,0,0,0,0,0,0
-0.2482,-0.44581,-2.3,0,0,0,0,0,0
-0.65886,-0.91026,-2.1758,0,0,0,0,0,0
-0.7281,-0.34301,-1.44343,0,0,0,0,0,0
-0.21571,-0.6072,-1.21759,0,0,0,0,0,0
-0.13156,-0.3265,-1.60162,0,0,0,0,0,0
-0.506,-0.56086,-1.97926,0,0,0,0,0,0
-0.3675,-0.88576,-2.19231,0,0,0,0,0,0
-0.6604,-0.99762,-2.1015,0,0,0,0,0,0
0.33236,-0.46871,-1.86847,0,0,0,0,0,0
0.65833,-0.7297,-1.93505,0,0,0,0,0,0
0.75207,-0.1331,-1.85409,0,0,0,0,0,0
0.46924,-0.13848,-2.1281,0,0,0,0,0,0
0.50067,0.751,-1.94091,0,0,0,0,0,0
0.53316,0.29561,-1.55102,0,0,0,0,0,0
0.4277,0.49428,-1.29056,0,0,0,0,0,0
0.5518,0.75687,-1.45035,0,0,0,0,0,0
0.67377,0.69828,-1.54356,0,0,0,0,0,0
0.80054,0.66152,-1.31613,0,0,0,0,0,0
0.74728,0.51026,-1.35341,0,0,0,0,0,0
0.71479,0.77604,-1.39283,0,0,0,0,0,0
0.63969,0.96779,-1.13184,0,0,0,0,0,0
0.60347,0.96406,-0.9321,0,0,0,0,0,0
0.37763,0.63915,-0.9108,0,0,0,0,0,0
0.26684,0.21891,-0.63596,0,0,0,0,0,0
0.3787,-0.7723,-0.78137,0,0,0,0,0,0
0.40799,-0.25513,-0.63809,0,0,0,0,0,0
0.11611,-0.4101,0.6444,0,0,0,0,0,0
-0.5752,0.15393,0.73343,0,0,0,0,0,0
-0.2077,0.39041,1.44929,0,0,0,0,0,0
0.948,0.82185,2.3292,0,0,0,0,0,0
0.964,0.86233,3.19845,0,0,0,0,0,0
0.9054,1.30335,3.43388,0,0,0,0,0,0
0.48256,1.5409,3.40405,0,0,0,0,0,0
0.68443,1.12491,3.26663,0,0,0,0,0,0
0.54381,0.36165,2.46235,0,0,0,0,0,0
0.31851,0.39787,1.80668,0,0,0,0,0,0
0.18801,1.19895,1.81041,0,0,0,0,0,0
0.1917,1.64743,2.3412,0,0,0,0,0,0
-0.5028,1.14462,2.17953,0,0,0,0,0,0
-0.57364,0.96726,2.21468,0,0,0,0,0,0
-0.15819,1.30388,2.437,0,0,0,0,0,0
0.266,1.22239,1.37312,0,0,0,0,0,0
-0.48149,0.33182,0.80054,0,0,0,0,0,0
-0.57098,0.19014,1.1466,0,0,0,0,0,0
-0.30999,0.47297,1.4935,0,0,0,0,0,0
-0.56299,0.27217,1.59203,0,0,0,0,0,0
-0.68922,0.28762,1.24795,0,0,0,0,0,0
-0.31158,0.54221,0.97897,0,0,0,0,0,0
-0.45486,0.41811,1.2265,0,0,0,0,0,0
-0.8538,0.17044,0.99335,0,0,0,0,0,0
-1.13716,0.20293,0.77977,0,0,0,0,0,0
-1.4875,0.39627,0.54221,0,0,0,0,0,0
-0.90334,0.1012,0.55819,0,0,0,0,0,0
-0.64395,-0.18801,0.54594,0,0,0,0,0,0
-0.41119,0.15606,0.16511,0,0,0,0,0,0
-0.12516,0.6791,-0.7243,0,0,0,0,0,0
-0.5326,0.55074,0.5592,0,0,0,0,0,0
-0.426,0.57897,0.15925,0,0,0,0,0,0
0.10439,0.61412,0.20399,0,0,0,0,0,0
0.4527,0.4,0.27217,0,0,0,0,0,0
0.15925,0.43249,0.21571,0,0,0,0,0,0
0.3771,0.59335,0.8415,0,0,0,0,0,0
0.18855,0.78403,0.458,0,0,0,0,0,0
-0.7829,0.62957,-0.266,0,0,0,0,0,0
0.1065,0.25246,-0.3515,0,0,0,0,0,0
0.41758,0.29774,0.12463,0,0,0,0,0,0
0.30306,0.31691,0.19174,0,0,0,0,0,0
0.181,0.25992,0.798,0,0,0,0,0,0
0.7989,0.34993,-0.14594,0,0,0,0,0,0
0.10652,0.45113,-0.6285,0,0,0,0,0,0
0.2982,0.1747,0.8575,0,0,0,0,0,0
-0.3195,-0.4261,0.16032,0,0,0,0,0,0
0.46658,-0.14274,0.10173,0,0,0,0,0,0
0.3004,-0.20293,0.1704,0,0,0,0,0,0
-0.11558,-0.16032,0.18375,0,0,0,0,0,0
-0.9747,-0.18056,0.30466,0,0,0,0,0,0
-0.1384,-0.21518,0.19121,0,0,0,0,0,0
-0.1976,-0.49747,-0.3142,0,0,0,0,0,0
-0.65993,-0.62477,-0.18429,0,0,0,0,0,0
-0.8602,-0.74675,-0.2237,0,0,0,0,0,0
-0.98164,-0.90547,-0.27803,0,0,0,0,0,0
-0.85487,-0.84262,-0.25033,0,0,0,0,0,0
-0.49747,-0.68709,-0.14221,0,0,0,0,0,0
-0.27324,-0.96299,0.12889,0,0,0,0,0,0
-0.10173,-0.93956,0.14327,0,0,0,0,0,0
-0.3408,-0.77178,0.14274,0,0,0,0,0,0
0.8468,-0.86872,0.15126,0,0,0,0,0,0
0.55606,-0.76645,-0.13795,0,0,0,0,0,0
0.65087,-0.55447,-0.23062,0,0,0,0,0,0
0.41545,-0.84475,-0.25672,0,0,0,0,0,0
0.15233,-0.82078,-0.27004,0,0,0,0,0,0
0.34141,-0.46232,-0.25513,0,0,0,0,0,0
0.48576,-0.23861,-0.10386,0,0,0,0,0,0
0.39201,-0.36378,0.6711,0,0,0,0,0,0
0.19654,-0.57577,0.13209,0,0,0,0,0,0
0.1715,-0.44261,0.4527,0,0,0,0,0,0
0.35579,-0.14168,-0.10386,0,0,0,0,0,0
0.35846,-0.1012,-0.12197,0,0,0,0,0,0
0.24554,-0.17417,0.474,0,0,0,0,0,0
0.213,-0.31158,0.4633,0,0,0,0,0,0
-0.24021,-0.46392,-0.4474,0,0,0,0,0,0
-0.36591,-0.67111,0.1597,0,0,0,0,0,0
-0.28176,-0.74248,0.13262,0,0,0,0,0,0
-0.27004,-0.62957,0.3834,0,0,0,0,0,0
-0.29401,-0.44581,-0.1731,0,0,0,0,0,0
0.3302,-0.85434,-0.12516,0,0,0,0,0,0
-0.33236,-0.84528,0.22157,0,0,0,0,0,0
-0.58216,-0.62158,-0.3941,0,0,0,0,0,0
-0.5534,-0.30253,-0.21571,0,0,0,0,0,0
-0.24181,-0.16245,-0.253,0,0,0,0,0,0
0.12783,-0.18482,-0.6125,0,0,0,0,0,0
0.27483,-0.30253,0.1454,0,0,0,0,0,0
0.852,-0.30786,0.24607,0,0,0,0,0,0
-0.30732,-0.10759,-0.703,0,0,0,0,0,0
-0.1747,-0.6338,-0.5432,0,0,0,0,0,0
0.1225,0.798,-0.266,0,0,0,0,0,0
0.6817,0.3302,0.53,0,0,0,0,0,0
-0.159,-0.426,0.532,0,0,0,0,0,0
-0.7563,-0.4527,0.479,0,0,0,0,0,0
-0.6764,-0.3515,0.426,0,0,0,0,0,0
-0.692,-0.798,0.213,0,0,0,0,0,0
0.1704,0.266,0.213,0,0,0,0,0,0
-0.692,-0.958,0.426,0,0,0,0,0,0
-0.3675,-0.2237,0.958,0,0,0,0,0,0
-0.3462,-0.2024,0.53,0,0,0,0,0,0
-0.1384,-0.1278,0.319,0,0,0,0,0,0
-0.372,-0.798,0.159,0,0,0,0,0,0
-0.1012,-0.1065,0.266,0,0,0,0,0,0
-0.2396,-0.1491,0.532,0,0,0,0,0,0
-0.2237,-0.1704,0.213,0,0,0,0,0,0
-0.1491,-0.1597,0.319,0,0,0,0,0,0
-0.1118,-0.1171,0.319,0,0,0,0,0,0
-0.1438,-0.692,0.106,0,0,0,0,0,0
-0.1917,-0.1225,0.372,0,0,0,0,0,0
-0.197,-0.1065,0,0,0,0,0,0,0
-0.181,-0.1331,0,0,0,0,0,0,0
-0.1917,-0.1331,-0.639,0,0,0,0,0,0
-0.3142,-0.1917,-0.2237,0,0,0,0,0,0
-0.4953,-0.2822,-0.2769,0,0,0,0,0,0
-0.4846,-0.2663,-0.2769,0,0,0,0,0,0
-0.3089,-0.181,-0.958,0,0,0,0,0,0
-0.2024,-0.1171,-0.1012,0,0,0,0,0,0
-0.2503,-0.1597,-0.1917,0,0,0,0,0,0
-0.3408,-0.1917,-0.2343,0,0,0,0,0,0
-0.474,-0.2769,-0.3941,0,0,0,0,0,0
-0.6231,-0.3462,-0.5699,0,0,0,0,0,0
-0.6391,-0.3834,-0.5326,0,0,0,0,0,0
-0.6285,-0.3302,-0.5539,0,0,0,0,0,0
-0.6498,-0.3462,-0.5965,0,0,0,0,0,0
-0.7084,-0.3621,-0.6072,0,0,0,0,0,0
-0.703,-0.4048,-0.8042,0,0,0,0,0,0
-0.8362,-0.4367,-0.9161,0,0,0,0,0,0
-0.1241,-0.5858,-0.13049,0,0,0,0,0,0
-0.18482,-0.8415,-0.15606,0,0,0,0,0,0
-0.19813,-0.10386,-0.147,0,0,0,0,0,0
-0.7616,-0.5219,-0.6817,0,0,0,0,0,0
0.3515,0.1384,-0.692,0,0,0,0,0,0
0.532,-0.479,-0.585,0,0,0,0,0,0
-0.2982,-0.2609,-0.266,0,0,0,0,0,0
0.53,-0.372,-0.106,0,0,0,0,0,0
0.585,-0.106,-0.106,0,0,0,0,0,0
-0.1118,-0.1225,-0.159,0,0,0,0,0,0
-0.639,-0.1225,-0.159,0,0,0,0,0,0
0.319,-0.692,-0.106,0,0,0,0,0,0
-0.585,-0.958,-0.213,0,0,0,0,0,0
-0.905,-0.798,-0.266,0,0,0,0,0,0
-0.106,-0.372,0.213,0,0,0,0,0,0
-0.266,-0.639,-0.106,0,0,0,0,0,0
-0.532,-0.852,-0.106,0,0,0,0,0,0
-0.479,-0.958,-0.319,0,0,0,0,0,0
-0.319,-0.479,-0.159,0,0,0,0,0,0
-0.479,-0.745,0,0,0,0,0,0,0
-0.159,-0.692,-0.106,0,0,0,0,0,0
-0.319,-0.692,0.319,0,0,0,0,0,0
-0.372,-0.372,0.106,0,0,0,0,0,0
-0.213,-0.585,0.266,0,0,0,0,0,0
-0.319,-0.639,0.213,0,0,0,0,0,0
-0.958,-0.905,-0.213,0,0,0,0,0,0
-0.213,-0.1331,-0.958,0,0,0,0,0,0
-0.3728,-0.2503,-0.3195,0,0,0,0,0,0
-0.5912,-0.3568,-0.6018,0,0,0,0,0,0
-0.7456,-0.3941,-0.7669,0,0,0,0,0,0
-0.719,-0.3621,-0.5858,0,0,0,0,0,0
-0.474,-0.2929,-0.2769,0,0,0,0,0,0
-0.852,-0.1065,-0.3834,0,0,0,0,0,0
0.639,-0.53,-0.1491,0,0,0,0,0,0
-0.479,-0.1065,-0.639,0,0,0,0,0,0
-0.532,-0.1012,-0.532,0,0,0,0,0,0
0,-0.585,-0.479,0,0,0,0,0,0
0.213,-0.426,-0.213,0,0,0,0,0,0
-0.266,-0.745,-0.159,0,0,0,0,0,0
-0.106,-0.852,-0.213,0,0,0,0,0,0
-0.53,-0.532,-0.213,0,0,0,0,0,0
-0.319,-0.639,0.106,0,0,0,0,0,0
-0.106,-0.852,-0.53,0,0,0,0,0,0
-0.106,-0.585,-0.266,0,0,0,0,0,0
-0.53,-0.639,0.53,0,0,0,0,0,0
-0.319,-0.692,-0.53,0,0,0,0,0,0
-0.53,-0.532,-0.53,0,0,0,0,0,0
-0.852,-0.1384,-0.479,0,0,0,0,0,0
-0.213,-0.585,-0.213,0,0,0,0,0,0
-0.159,-0.905,-0.426,0,0,0,0,0,0
-0.319,-0.532,-0.372,0,0,0,0,0,0
-0.372,-0.372,-0.426,0,0,0,0,0,0
-0.639,-0.852,-0.319,0,0,0,0,0,0
0,-0.585,-0.585,0,0,0,0,0,0
-0.479,-0.213,-0.692,0,0,0,0,0,0
-0.319,-0.692,-0.852,0,0,0,0,0,0
-0.798,-0.745,-0.1171,0,0,0,0,0,0
-0.852,-0.798,-0.1757,0,0,0,0,0,0
-0.1491,-0.1331,-0.2183,0,0,0,0,0,0
-0.213,-0.1704,-0.3089,0,0,0,0,0,0
-0.3834,-0.2077,-0.49,0,0,0,0,0,0
-0.5539,-0.3036,-0.6338,0,0,0,0,0,0
-0.6604,-0.4048,-0.6657,0,0,0,0,0,0
-0.6338,-0.3408,-0.5486,0,0,0,0,0,0
-0.3834,-0.229,-0.2982,0,0,0,0,0,0
-0.1278,-0.852,-0.1864,0,0,0,0,0,0
-0.53,-0.852,-0.1012,0,0,0,0,0,0
-0.639,-0.1065,-0.532,0,0,0,0,0,0
-0.1118,-0.958,-0.692,0,0,0,0,0,0
-0.479,-0.372,-0.266,0,0,0,0,0,0
-0.159,-0.319,-0.106,0,0,0,0,0,0
-0.479,-0.479,-0.266,0,0,0,0,0,0
-0.159,-0.319,-0.213,0,0,0,0,0,0
-0.213,-0.639,0.53,0,0,0,0,0,0
-0.266,-0.692,0.159,0,0,0,0,0,0
-0.213,-0.479,-0.213,0,0,0,0,0,0
0.266,-0.532,0,0,0,0,0,0,0
0.53,-0.532,-0.53,0,0,0,0,0,0
0.106,-0.532,-0.106,0,0,0,0,0,0
-0.159,-0.372,0.53,0,0,0,0,0,0
0.53,-0.639,-0.53,0,0,0,0,0,0
0.53,-0.479,-0.159,0,0,0,0,0,0
0.106,-0.905,-0.53,0,0,0,0,0,0
-0.106,-0.319,-0.159,0,0,0,0,0,0
-0.53,-0.479,-0.53,0,0,0,0,0,0
-0.53,-0.213,0.159,0,0,0,0,0,0
0.106,-0.426,0.106,0,0,0,0,0,0
-0.159,-0.479,0.106,0,0,0,0,0,0
0.106,-0.532,0.53,0,0,0,0,0,0
-0.106,-0.692,0.213,0,0,0,0,0,0
-0.319,-0.532,0.106,0,0,0,0,0,0
0.106,-0.426,-0.106,0,0,0,0,0,0
0.213,-0.159,0.53,0,0,0,0,0,0
-0.159,-0.639,0.53,0,0,0,0,0,0
-0.106,-0.319,0.53,0,0,0,0,0,0
0.372,-0.372,-0.213,0,0,0,0,0,0
0.159,-0.372,0.106,0,0,0,0,0,0
0.53,-0.426,0.53,0,0,0,0,0,0
-0.213,-0.213,-0.106,0,0,0,0,0,0
0,-0.745,0,0,0,0,0,0,0
0,-0.372,-0.213,0,0,0,0,0,0
-0.213,-0.319,-0.213,0,0,0,0,0,0
-0.159,-0.692,-0.53,0,0,0,0,0,0
-0.213,-0.639,-0.266,0,0,0,0,0,0
-0.106,-0.639,-0.319,0,0,0,0,0,0
0,-0.159,-0.372,0,0,0,0,0,0
-0.213,-0.639,-0.159,0,0,0,0,0,0
-0.213,-0.532,-0.372,0,0,0,0,0,0
-0.266,-0.639,-0.106,0,0,0,0,0,0
-0.159,-0.372,-0.53,0,0,0,0,0,0
-0.106,-0.426,-0.159,0,0,0,0,0,0
-0.266,-0.692,-0.159,0,0,0,0,0,0
0.266,-0.319,-0.106,0,0,0,0,0,0
0,-0.958,-0.372,0,0,0,0,0,0
-0.372,-0.639,-0.106,0,0,0,0,0,0
-0.266,-0.639,-0.53,0,0,0,0,0,0
0,-0.426,-0.159,0,0,0,0,0,0
-0.213,-0.692,-0.53,0,0,0,0,0,0
0.106,-0.372,-0.213,0,0,0,0,0,0
0,-0.532,-0.159,0,0,0,0,0,0
0.213,-0.319,0,0,0,0,0,0,0
-0.53,-0.639,-0.106,0,0,0,0,0,0
-0.159,-0.745,-0.213,0,0,0,0,0,0
-0.319,-0.905,-0.159,0,0,0,0,0,0
0.53,-0.479,-0.53,0,0,0,0,0,0
0.106,-0.479,-0.213,0,0,0,0,0,0
-0.213,-0.319,-0.319,0,0,0,0,0,0
-0.159,-0.266,-0.159,0,0,0,0,0,0
0.213,-0.266,-0.319,0,0,0,0,0,0
-0.106,-0.639,-0.319,0,0,0,0,0,0
0,-0.692,-0.266,0,0,0,0,0,0
-0.213,-0.798,-0.266,0,0,0,0,0,0
-0.213,-0.1012,-0.159,0,0,0,0,0,0
-0.159,-0.692,-0.479,0,0,0,0,0,0
-0.426,-0.639,-0.319,0,0,0,0,0,0
-0.159,-0.585,-0.479,0,0,0,0,0,0
-0.532,-0.692,-0.1012,0,0,0,0,0,0
-0.692,-0.1118,-0.852,0,0,0,0,0,0
-0.692,-0.692,-0.958,0,0,0,0,0,0
-0.745,-0.745,-0.745,0,0,0,0,0,0
-0.319,-0.319,-0.745,0,0,0,0,0,0
-0.958,-0.532,-0.585,0,0,0,0,0,0
-0.852,-0.958,-0.852,0,0,0,0,0,0
-0.53,-0.426,-0.426,0,0,0,0,0,0
0,-0.319,-0.319,0,0,0,0,0,0
-0.319,-0.639,-0.372,0,0,0,0,0,0
-0.585,-0.692,-0.319,0,0,0,0,0,0
0.106,-0.958,-0.585,0,0,0,0,0,0
-0.106,-0.159,-0.692,0,0,0,0,0,0
-0.372,-0.905,-0.479,0,0,0,0,0,0
0,-0.213,-0.426,0,0,0,0,0,0
0.159,-0.319,-0.266,0,0,0,0,0,0
-0.319,-0.639,-0.372,0,0,0,0,0,0
0.159,-0.585,-0.266,0,0,0,0,0,0
0.159,-0.639,-0.106,0,0,0,0,0,0
-0.106,-0.745,-0.53,0,0,0,0,0,0
0,-0.639,-0.53,0,0,0,0,0,0
0,-0.532,-0.213,0,0,0,0,0,0
0.319,0.53,0.106,0,0,0,0,0,0
-0.53,-0.372,0.159,0,0,0,0,0,0
0.159,-0.426,-0.106,0,0,0,0,0,0
0.159,-0.692,0.213,0,0,0,0,0,0
0,-0.905,0.53,0,0,0,0,0,0
0.213,-0.852,-0.53,0,0,0,0,0,0
0.53,-0.319,0.159,0,0,0,0,0,0
0.53,-0.585,0,0,0,0,0,0,0
0.213,-0.426,0.53,0,0,0,0,0,0
0.479,-0.213,0.106,0,0,0,0,0,0
0,-0.319,-0.53,0,0,0,0,0,0
-0.53,-0.319,-0.106,0,0,0,0,0,0
0,-0.319,0,0,0,0,0,0,0
0.106,-0.213,0.159,0,0,0,0,0,0
-0.53,-0.372,-0.53,0,0,0,0,0,0
0.319,-0.426,0.106,0,0,0,0,0,0
0.213,-0.266,0.213,0,0,0,0,0,0
0.53,-0.426,0.53,0,0,0,0,0,0
-0.372,-0.585,-0.106,0,0,0,0,0,0
0.106,-0.319,0.106,0,0,0,0,0,0
0.159,-0.426,0.159,0,0,0,0,0,0
-0.106,-0.319,0.106,0,0,0,0,0,0
0.372,-0.372,0,0,0,0,0,0,0
0,-0.213,-0.53,0,0,0,0,0,0
0.213,-0.585,0,0,0,0,0,0,0
0.106,-0.426,0.266,0,0,0,0,0,0
-0.213,-0.426,0.53,0,0,0,0,0,0
-0.53,-0.479,0.159,0,0,0,0,0,0
0.266,-0.159,0,0,0,0,0,0,0
0.53,-0.692,0,0,0,0,0,0,0
0.213,-0.372,-0.53,0,0,0,0,0,0
0.266,-0.532,0,0,0,0,0,0,0
-0.53,-0.479,0.213,0,0,0,0,0,0
-0.53,-0.213,0,0,0,0,0,0,0
0.53,-0.213,-0.53,0,0,0,0,0,0
-0.159,-0.692,-0.53,0,0,0,0,0,0
0,-0.585,-0.159,0,0,0,0,0,0
0,-0.798,0.159,0,0,0,0,0,0
0,-0.745,-0.53,0,0,0,0,0,0
0.106,-0.479,0,0,0,0,0,0,0
-0.53,-0.639,0.53,0,0,0,0,0,0
0.159,-0.266,-0.53,0,0,0,0,0,0
0.106,-0.532,0.106,0,0,0,0,0,0
0,-0.479,0.106,0,0,0,0,0,0
0.426,-0.426,0.372,0,0,0,0,0,0
0.53,-0.266,0.159,0,0,0,0,0,0
-0.106,-0.53,0,0,0,0,0,0,0
-0.53,-0.532,0,0,0,0,0,0,0
0.106,-0.745,0.159,0,0,0,0,0,0
0.266,-0.213,0.159,0,0,0,0,0,0
0,-0.319,-0.53,0,0,0,0,0,0
0,-0.532,0.106,0,0,0,0,0,0
0.159,-0.426,0.53,0,0,0,0,0,0
0,-0.798,0.266,0,0,0,0,0,0
0.53,-0.319,0.53,0,0,0,0,0,0
-0.106,-0.585,0.53,0,0,0,0,0,0
0.213,-0.266,0.213,0,0,0,0,0,0
0.106,-0.798,0.266,0,0,0,0,0,0
0.106,-0.532,-0.53,0,0,0,0,0,0
-0.106,-0.532,0.106,0,0,0,0,0,0
0.319,-0.319,0,0,0,0,0,0,0
-0.106,-0.532,-0.106,0,0,0,0,0,0
0.266,0,0,0,0,0,0,0,0
0.372,-0.639,-0.53,0,0,0,0,0,0
0.159,-0.106,-0.106,0,0,0,0,0,0
0.106,-0.426,-0.53,0,0,0,0,0,0
-0.53,-0.532,0,0,0,0,0,0,0
0.159,-0.426,0.53,0,0,0,0,0,0
0.159,-0.106,0.106,0,0,0,0,0,0
-0.53,-0.692,0.53,0,0,0,0,0,0
0.106,-0.479,-0.159,0,0,0,0,0,0
0.213,-0.319,-0.159,0,0,0,0,0,0
0.106,-0.532,-0.159,0,0,0,0,0,0
0.159,-0.213,0.53,0,0,0,0,0,0
-0.106,-0.213,0.213,0,0,0,0,0,0
-0.53,-0.639,-0.53,0,0,0,0,0,0
-0.106,-0.159,0.106,0,0,0,0,0,0
-0.106,-0.319,0.159,0,0,0,0,0,0
0.319,-0.532,0.159,0,0,0,0,0,0
0.372,-0.426,0.53,0,0,0,0,0,0
0.53,-0.479,-0.53,0,0,0,0,0,0
0.106,-0.745,0,0,0,0,0,0,0
0.159,-0.532,0,0,0,0,0,0,0
0.213,-0.159,0.53,0,0,0,0,0,0
0.213,-0.372,0,0,0,0,0,0,0
0.319,-0.585,0.106,0,0,0,0,0,0
0.106,-0.213,0.106,0,0,0,0,0,0
-0.53,-0.319,0.53,0,0,0,0,0,0
0.159,-0.319,-0.53,0,0,0,0,0,0
-0.106,-0.532,0.53,0,0,0,0,0,0
0.106,-0.479,-0.53,0,0,0,0,0,0
0.213,-0.426,-0.53,0,0,0,0,0,0
0.266,-0.479,0.106,0,0,0,0,0,0
0.159,-0.266,0.213,0,0,0,0,0,0
0.372,-0.213,0.106,0,0,0,0,0,0
0.319,-0.213,0.106,0,0,0,0,0,0
0,-0.319,-0.53,0,0,0,0,0,0
-0.53,-0.159,0,0,0,0,0,0,0
0.479,-0.319,-0.106,0,0,0,0,0,0
0.159,-0.639,0,0,0,0,0,0,0
0.106,-0.585,0.106,0,0,0,0,0,0
0.106,-0.319,0.106,0,0,0,0,0,0
0,-0.319,0.213,0,0,0,0,0,0
0.159,-0.532,0,0,0,0,0,0,0
0.213,-0.53,0.53,0,0,0,0,0,0
-0.106,-0.745,-0.106,0,0,0,0,0,0
0,-0.213,0.53,0,0,0,0,0,0
0,-0.319,0.213,0,0,0,0,0,0
-0.53,-0.479,-0.53,0,0,0,0,0,0
0,-0.372,0.159,0,0,0,0,0,0
-0.53,-0.266,0.53,0,0,0,0,0,0
0.319,-0.426,-0.53,0,0,0,0,0,0
0.106,-0.532,-0.106,0,0,0,0,0,0
0.426,-0.372,0.106,0,0,0,0,0,0
0,-0.319,-0.159,0,0,0,0,0,0
0,-0.372,-0.106,0,0,0,0,0,0
0.266,-0.372,0.159,0,0,0,0,0,0
0.479,-0.106,0.266,0,0,0,0,0,0
0.213,-0.266,0.213,0,0,0,0,0,0
0.213,-0.266,0.159,0,0,0,0,0,0
0,-0.266,0,0,0,0,0,0,0
0.159,-0.532,0.53,0,0,0,0,0,0
0.266,-0.319,0.53,0,0,0,0,0,0
0.53,-0.266,-0.53,0,0,0,0,0,0
0.159,-0.53,-0.106,0,0,0,0,0,0
-0.106,-0.266,-0.213,0,0,0,0,0,0
-0.5379,-0.3515,-0.692,0,0,0,0,0,0
0.1331,0.1651,-0.585,0,0,0,0,0,0
-0.1065,-0.1384,-0.798,0,0,0,0,0,0
0.958,0.532,-0.585,0,0,0,0,0,0
-0.372,-0.852,-0.692,0,0,0,0,0,0
0.426,0.159,-0.479,0,0,0,0,0,0
0.266,-0.266,-0.479,0,0,0,0,0,0
0.213,-0.745,-0.532,0,0,0,0,0,0
0,-0.745,-0.266,0,0,0,0,0,0
0.426,0.106,-0.213,0,0,0,0,0,0
0,-0.266,-0.159,0,0,0,0,0,0
0.266,0.106,-0.106,0,0,0,0,0,0
0,-0.532,-0.426,0,0,0,0,0,0
0.106,-0.213,-0.53,0,0,0,0,0,0
0,-0.319,0,0,0,0,0,0,0
0,-0.479,-0.106,0,0,0,0,0,0
0.213,-0.213,0.159,0,0,0,0,0,0
-0.53,-0.692,-0.106,0,0,0,0,0,0
0.319,-0.266,-0.213,0,0,0,0,0,0
0.426,-0.266,-0.159,0,0,0,0,0,0
0,-0.266,0.53,0,0,0,0,0,0
0.372,-0.213,-0.159,0,0,0,0,0,0
0.372,-0.372,-0.213,0,0,0,0,0,0
0.53,-0.319,0.53,0,0,0,0,0,0
0.266,-0.319,-0.159,0,0,0,0,0,0
0.319,0.266,0.106,0,0,0,0,0,0
0.585,0.319,-0.53,0,0,0,0,0,0
0.159,-0.266,0.213,0,0,0,0,0,0
0.159,-0.585,-0.106,0,0,0,0,0,0
0.106,-0.585,0.53,0,0,0,0,0,0
0.319,-0.106,0.159,0,0,0,0,0,0
0.319,-0.106,0.159,0,0,0,0,0,0
0.159,-0.372,-0.159,0,0,0,0,0,0
-0.106,-0.532,0.53,0,0,0,0,0,0
0.266,-0.266,0.106,0,0,0,0,0,0
0.213,-0.319,0.53,0,0,0,0,0,0
-0.159,-0.479,0.106,0,0,0,0,0,0
0.53,-0.639,0,0,0,0,0,0,0
0.266,-0.319,0.53,0,0,0,0,0,0
0.372,-0.266,0,0,0,0,0,0,0
-0.106,-0.479,-0.53,0,0,0,0,0,0
0.213,-0.798,0.53,0,0,0,0,0,0
0.266,-0.159,0.159,0,0,0,0,0,0
0.266,-0.106,0.319,0,0,0,0,0,0
0.53,-0.213,0.266,0,0,0,0,0,0
0.159,-0.159,0.53,0,0,0,0,0,0
0.159,-0.266,0.106,0,0,0,0,0,0
0.159,-0.479,0.53,0,0,0,0,0,0
0,-0.372,0.159,0,0,0,0,0,0
0.106,-0.266,0.53,0,0,0,0,0,0
0.106,-0.319,0.106,0,0,0,0,0,0
0.106,-0.426,-0.106,0,0,0,0,0,0
0.159,-0.106,0.213,0,0,0,0,0,0
0.106,-0.266,0,0,0,0,0,0,0
0.426,0.53,0.213,0,0,0,0,0,0
0.319,-0.319,0.106,0,0,0,0,0,0
-0.106,-0.798,0.53,0,0,0,0,0,0
0.106,-0.159,0.106,0,0,0,0,0,0
-0.106,-0.372,0.319,0,0,0,0,0,0
0.426,-0.319,0,0,0,0,0,0,0
0.266,-0.266,0,0,0,0,0,0,0
0.213,-0.372,-0.106,0,0,0,0,0,0
0.53,-0.426,-0.106,0,0,0,0,0,0
0.266,-0.213,0.53,0,0,0,0,0,0
-0.53,-0.53,0.106,0,0,0,0,0,0
-0.213,-0.479,0.159,0,0,0,0,0,0
0.426,-0.266,-0.106,0,0,0,0,0,0
0.106,-0.372,-0.53,0,0,0,0,0,0
0.319,-0.266,0.266,0,0,0,0,0,0
0.159,-0.266,-0.106,0,0,0,0,0,0
0,-0.852,-0.53,0,0,0,0,0,0
0.213,-0.372,0.53,0,0,0,0,0,0
0.266,-0.159,0,0,0,0,0,0,0
0.106,-0.266,0.106,0,0,0,0,0,0
0.213,-0.372,-0.106,0,0,0,0,0,0
0.319,-0.532,0,0,0,0,0,0,0
0.372,-0.53,0,0,0,0,0,0,0
0.106,-0.479,0,0,0,0,0,0,0
0.372,-0.319,0.53,0,0,0,0,0,0
0.266,-0.159,-0.53,0,0,0,0,0,0
0.372,-0.159,0,0,0,0,0,0,0
0.213,0,0,0,0,0,0,0,0
0.266,-0.213,0.213,0,0,0,0,0,0
0,-0.213,0.159,0,0,0,0,0,0
0.266,0.159,-0.213,0,0,0,0,0,0
0.266,-0.426,0.106,0,0,0,0,0,0
0.266,-0.213,0.319,0,0,0,0,0,0
-0.53,-0.266,0,0,0,0,0,0,0
0.266,-0.213,0.106,0,0,0,0,0,0
0.213,-0.372,-0.213,0,0,0,0,0,0
-0.106,-0.692,0,0,0,0,0,0,0
0.53,-0.426,0.53,0,0,0,0,0,0
0.53,-0.532,0.106,0,0,0,0,0,0
0.106,-0.585,0,0,0,0,0,0,0
0.159,-0.426,0,0,0,0,0,0,0
0.53,-0.426,0,0,0,0,0,0,0
-0.53,-0.213,0,0,0,0,0,0,0
0.213,-0.106,0.266,0,0,0,0,0,0
0.53,-0.159,-0.106,0,0,0,0,0,0
0.479,-0.479,0.53,0,0,0,0,0,0
0.372,-0.639,0,0,0,0,0,0,0
0.319,-0.266,0.159,0,0,0,0,0,0
0.372,-0.53,0.213,0,0,0,0,0,0
0.213,-0.213,0.53,0,0,0,0,0,0
0.266,-0.426,0,0,0,0,0,0,0
0.53,-0.266,0.106,0,0,0,0,0,0
0.106,0.53,0.159,0,0,0,0,0,0
0.266,-0.585,0.159,0,0,0,0,0,0
-0.53,-0.585,0.106,0,0,0,0,0,0
0.213,-0.266,0.53,0,0,0,0,0,0
0.266,-0.319,0.106,0,0,0,0,0,0
0.372,-0.213,0.213,0,0,0,0,0,0
0.106,-0.159,0,0,0,0,0,0,0
0.159,-0.479,0.106,0,0,0,0,0,0
0.266,0.106,-0.266,0,0,0,0,0,0
0,-0.213,0.106,0,0,0,0,0,0
0.266,-0.266,0.53,0,0,0,0,0,0
0.213,-0.479,0.106,0,0,0,0,0,0
0.585,0.159,-0.106,0,0,0,0,0,0
0.319,-0.266,0.106,0,0,0,0,0,0
-0.426,-0.798,0.106,0,0,0,0,0,0
0.53,-0.159,0.106,0,0,0,0,0,0
0.532,-0.213,0.213,0,0,0,0,0,0
0.266,0.266,0.106,0,0,0,0,0,0
0.372,-0.319,0.53,0,0,0,0,0,0
0,-0.798,0,0,0,0,0,0,0
0.266,-0.213,-0.106,0,0,0,0,0,0
0.106,-0.532,0.106,0,0,0,0,0,0
0.159,-0.426,0.213,0,0,0,0,0,0
0.426,-0.426,-0.159,0,0,0,0,0,0
0.426,-0.426,0.159,0,0,0,0,0,0
0.266,-0.106,0.53,0,0,0,0,0,0
0.319,-0.106,0.213,0,0,0,0,0,0
0.159,-0.745,0.53,0,0,0,0,0,0
0.479,-0.106,0.106,0,0,0,0,0,0
0.266,-0.426,0.53,0,0,0,0,0,0
0.426,-0.319,0.159,0,0,0,0,0,0
0.585,-0.106,0.106,0,0,0,0,0,0
0.159,-0.319,0.266,0,0,0,0,0,0
0.213,-0.266,0,0,0,0,0,0,0
0.372,-0.266,-0.159,0,0,0,0,0,0
0.372,-0.266,-0.53,0,0,0,0,0,0
0.319,-0.532,0,0,0,0,0,0,0
0.159,-0.532,0.53,0,0,0,0,0,0
0.266,-0.106,0.53,0,0,0,0,0,0
0.372,-0.426,0.53,0,0,0,0,0,0
0.319,-0.692,-0.159,0,0,0,0,0,0
0.213,-0.159,0.159,0,0,0,0,0,0
0.266,-0.372,0.106,0,0,0,0,0,0
0.319,-0.372,0.53,0,0,0,0,0,0
0.53,-0.106,0.106,0,0,0,0,0,0
0.53,0,0.213,0,0,0,0,0,0
0.426,-0.479,0.106,0,0,0,0,0,0
0.106,-0.319,0.159,0,0,0,0,0,0
0.106,-0.53,0,0,0,0,0,0,0
0.266,-0.159,0,0,0,0,0,0,0
0.159,-0.213,0.213,0,0,0,0,0,0
0.213,-0.426,-0.159,0,0,0,0,0,0
0.106,-0.585,-0.106,0,0,0,0,0,0
0,-0.372,-0.106,0,0,0,0,0,0
0.159,-0.319,0.159,0,0,0,0,0,0
-0.53,-0.159,0.213,0,0,0,0,0,0
0.213,-0.852,-0.106,0,0,0,0,0,0
0.213,-0.372,-0.53,0,0,0,0,0,0
0.319,-0.213,0.53,0,0,0,0,0,0
0.372,-0.266,0.213,0,0,0,0,0,0
0.319,-0.585,-0.266,0,0,0,0,0,0
0.159,-0.106,0.53,0,0,0,0,0,0
0.159,-0.798,0,0,0,0,0,0,0
0.319,-0.532,0.106,0,0,0,0,0,0
0.213,-0.213,0.53,0,0,0,0,0,0
0.319,-0.53,0,0,0,0,0,0,0
-0.106,-0.532,0.106,0,0,0,0,0,0
0.213,-0.319,0,0,0,0,0,0,0
0.319,0,0.106,0,0,0,0,0,0
0.372,-0.426,-0.106,0,0,0,0,0,0
0.426,-0.372,0.53,0,0,0,0,0,0
0.319,-0.372,-0.159,0,0,0,0,0,0
0.266,-0.319,0.213,0,0,0,0,0,0
0.53,-0.426,0,0,0,0,0,0,0
0.372,-0.159,0.53,0,0,0,0,0,0
0.106,-0.319,0.53,0,0,0,0,0,0
0,-0.319,0.53,0,0,0,0,0,0
0.106,-0.53,0,0,0,0,0,0,0
0.106,-0.106,-0.53,0,0,0,0,0,0
0.213,-0.426,0.213,0,0,0,0,0,0
0.213,-0.372,0.106,0,0,0,0,0,0
-0.53,-0.426,-0.53,0,0,0,0,0,0
0.266,-0.213,0,0,0,0,0,0,0
0.106,-0.159,0.106,0,0,0,0,0,0
0.159,-0.479,0,0,0,0,0,0,0
0.372,-0.159,0.106,0,0,0,0,0,0
0.159,-0.532,0.159,0,0,0,0,0,0
0.426,-0.213,0.106,0,0,0,0,0,0
0.532,-0.53,0,0,0,0,0,0,0
0.106,-0.532,0.53,0,0,0,0,0,0
0.479,-0.372,0.53,0,0,0,0,0,0
0.319,-0.159,0.159,0,0,0,0,0,0
0.213,-0.479,-0.53,0,0,0,0,0,0
0.372,0.213,0.106,0,0,0,0,0,0
0.159,-0.585,0.53,0,0,0,0,0,0
0.266,-0.639,-0.106,0,0,0,0,0,0
0,-0.426,0,0,0,0,0,0,0
0,-0.372,0.159,0,0,0,0,0,0
0.479,-0.319,-0.106,0,0,0,0,0,0
0.106,-0.639,-0.106,0,0,0,0,0,0
0.213,-0.319,0.53,0,0,0,0,0,0
0.266,0,-0.106,0,0,0,0,0,0
0.159,-0.426,-0.159,0,0,0,0,0,0
0.266,-0.319,-0.106,0,0,0,0,0,0
0.159,-0.745,0.53,0,0,0,0,0,0
0.106,-0.159,0.53,0,0,0,0,0,0
0.426,0.53,0.53,0,0,0,0,0,0
0.53,-0.585,0,0,0,0,0,0,0
0.372,-0.159,-0.53,0,0,0,0,0,0
0.213,-0.479,0.106,0,0,0,0,0,0
0.53,-0.426,-0.106,0,0,0,0,0,0
0.106,-0.479,0.213,0,0,0,0,0,0
0.106,-0.426,0.53,0,0,0,0,0,0
0.372,-0.426,0,0,0,0,0,0,0
0.319,-0.532,-0.53,0,0,0,0,0,0
0.106,-0.426,0.106,0,0,0,0,0,0
0.213,-0.585,0,0,0,0,0,0,0
0.213,-0.372,-0.53,0,0,0,0,0,0
0.159,-0.53,0.106,0,0,0,0,0,0
0.213,-0.159,0.159,0,0,0,0,0,0
0.159,0.53,0.53,0,0,0,0,0,0
0.159,0.53,-0.53,0,0,0,0,0,0
0.213,-0.585,0.53,0,0,0,0,0,0
0.266,-0.372,0,0,0,0,0,0,0
0,-0.639,0.213,0,0,0,0,0,0
0.53,-0.159,0.53,0,0,0,0,0,0
0.532,0.106,0.159,0,0,0,0,0,0
0.319,-0.266,0.266,0,0,0,0,0,0
0.159,-0.479,0.106,0,0,0,0,0,0
0.106,-0.159,0.159,0,0,0,0,0,0
0.53,-0.426,0.106,0,0,0,0,0,0
0.266,-0.479,0,0,0,0,0,0,0
0.372,-0.372,0,0,0,0,0,0,0
0.266,-0.372,0.213,0,0,0,0,0,0
0.319,-0.106,-0.106,0,0,0,0,0,0
0.372,-0.106,0.53,0,0,0,0,0,0
0.319,0,0.106,0,0,0,0,0,0
0.266,-0.426,-0.159,0,0,0,0,0,0
0.319,-0.319,0.53,0,0,0,0,0,0
0.213,-0.106,-0.53,0,0,0,0,0,0
0.159,-0.213,0,0,0,0,0,0,0
0.213,0.53,0.53,0,0,0,0,0,0
0.213,-0.372,0,0,0,0,0,0,0
0.159,-0.798,0.53,0,0,0,0,0,0
0.372,-0.585,0.106,0,0,0,0,0,0
0.213,-0.319,0.106,0,0,0,0,0,0
0.106,-0.213,0.53,0,0,0,0,0,0
0.106,-0.213,0.53,0,0,0,0,0,0
0.266,-0.426,0.53,0,0,0,0,0,0
0.159,-0.798,0.106,0,0,0,0,0,0
0,-0.479,0,0,0,0,0,0,0
0.213,-0.372,0.106,0,0,0,0,0,0
0.319,-0.266,0.213,0,0,0,0,0,0
0.106,-0.266,0,0,0,0,0,0,0
0.266,-0.426,-0.53,0,0,0,0,0,0
0,-0.319,-0.53,0,0,0,0,0,0
-0.53,-0.213,0,0,0,0,0,0,0
0.53,-0.798,0,0,0,0,0,0,0
0.426,0.213,0,0,0,0,0,0,0
0.159,-0.426,0.213,0,0,0,0,0,0
0,-0.266,0.106,0,0,0,0,0,0
0.106,-0.159,-0.266,0,0,0,0,0,0
0.319,-0.106,0.53,0,0,0,0,0,0
0.53,-0.532,0.106,0,0,0,0,0,0
-0.53,-0.372,-0.159,0,0,0,0,0,0
0.372,-0.532,0,0,0,0,0,0,0
0.266,-0.159,-0.159,0,0,0,0,0,0
0.106,-0.426,0.159,0,0,0,0,0,0
0.266,0.106,0.53,0,0,0,0,0,0
0.426,-0.213,0,0,0,0,0,0,0
0.479,-0.53,0,0,0,0,0,0,0
0.159,-0.213,0.53,0,0,0,0,0,0
0.426,0.53,0.266,0,0,0,0,0,0
0.159,0.106,0.159,0,0,0,0,0,0
0.213,-0.213,-0.53,0,0,0,0,0,0
0.372,-0.213,-0.159,0,0,0,0,0,0
0.319,-0.426,0.159,0,0,0,0,0,0
0.53,-0.266,-0.53,0,0,0,0,0,0
0.532,-0.106,0,0,0,0,0,0,0
0,-0.585,-0.53,0,0,0,0,0,0
0.213,-0.319,0.106,0,0,0,0,0,0
0.479,-0.266,0.53,0,0,0,0,0,0
0.319,-0.532,-0.53,0,0,0,0,0,0
0.213,-0.213,0.266,0,0,0,0,0,0
-0.53,-0.372,0.53,0,0,0,0,0,0
-0.53,0.266,0.266,0,0,0,0,0,0
0.159,-0.479,0.213,0,0,0,0,0,0
0.53,-0.585,0,0,0,0,0,0,0
0.53,-0.319,-0.106,0,0,0,0,0,0
0.266,-0.53,0.159,0,0,0,0,0,0
0.372,-0.213,0.159,0,0,0,0,0,0
0.266,0.53,-0.53,0,0,0,0,0,0
0.106,-0.532,0.106,0,0,0,0,0,0
0.319,-0.159,0,0,0,0,0,0,0
0.106,-0.106,0.159,0,0,0,0,0,0
0.319,-0.319,0.159,0,0,0,0,0,0
0.319,-0.426,-0.53,0,0,0,0,0,0
0,-0.426,0.53,0,0,0,0,0,0
0.532,-0.53,0.159,0,0,0,0,0,0
0.266,-0.639,0.53,0,0,0,0,0,0
-0.53,-0.745,-0.53,0,0,0,0,0,0
0.213,0.53,0.213,0,0,0,0,0,0
0.319,-0.213,0.159,0,0,0,0,0,0
0.213,-0.159,-0.53,0,0,0,0,0,0
0.266,0.213,0.159,0,0,0,0,0,0
0.213,-0.319,0.159,0,0,0,0,0,0
0.372,0.159,0.213,0,0,0,0,0,0
0.53,-0.479,0.159,0,0,0,0,0,0
0.479,-0.266,-0.106,0,0,0,0,0,0
0.266,-0.213,0.213,0,0,0,0,0,0
0.266,-0.106,0.213,0,0,0,0,0,0
0.53,-0.372,-0.106,0,0,0,0,0,0
0.213,-0.372,-0.106,0,0,0,0,0,0
0.213,-0.213,0,0,0,0,0,0,0
0.479,-0.639,0.53,0,0,0,0,0,0
0.159,0.53,0.53,0,0,0,0,0,0
0.479,0.213,0.213,0,0,0,0,0,0
0.159,-0.585,0.266,0,0,0,0,0,0
0.372,-0.159,0.213,0,0,0,0,0,0
0.266,-0.159,0.106,0,0,0,0,0,0
0.319,-0.213,0.106,0,0,0,0,0,0
0.159,-0.585,-0.159,0,0,0,0,0,0
0.106,0,0.266,0,0,0,0,0,0
0.692,0,0.159,0,0,0,0,0,0
0,-0.585,0.213,0,0,0,0,0,0
0.106,-0.532,-0.106,0,0,0,0,0,0
0.372,-0.372,-0.53,0,0,0,0,0,0
0.266,-0.106,0,0,0,0,0,0,0
0.213,-0.159,-0.266,0,0,0,0,0,0
-0.53,-0.53,-0.106,0,0,0,0,0,0
0.319,-0.372,0.106,0,0,0,0,0,0
0.426,-0.372,-0.53,0,0,0,0,0,0
0.213,-0.639,-0.53,0,0,0,0,0,0
0.213,-0.745,-0.53,0,0,0,0,0,0
0.213,-0.479,0.53,0,0,0,0,0,0
0.319,-0.479,0,0,0,0,0,0,0
0.159,-0.319,0.159,0,0,0,0,0,0
-0.106,-0.213,0.159,0,0,0,0,0,0
-0.106,-0.479,0.266,0,0,0,0,0,0
0.266,0.53,-0.106,0,0,0,0,0,0
-0.159,-0.426,0,0,0,0,0,0,0
0.213,-0.319,0,0,0,0,0,0,0
0.53,0,0.213,0,0,0,0,0,0
0.266,-0.213,0.53,0,0,0,0,0,0
0,-0.319,-0.106,0,0,0,0,0,0
0.159,-0.426,-0.53,0,0,0,0,0,0
0.53,0,0.53,0,0,0,0,0,0
0.213,-0.639,0.106,0,0,0,0,0,0
0.159,-0.106,0.213,0,0,0,0,0,0
0.266,0.53,0.159,0,0,0,0,0,0
0.479,-0.372,0.106,0,0,0,0,0,0
0.426,-0.372,0.213,0,0,0,0,0,0
0.106,-0.426,0,0,0,0,0,0,0
0.159,-0.159,0,0,0,0,0,0,0
0.372,-0.213,0.53,0,0,0,0,0,0
0,-0.53,0.213,0,0,0,0,0,0
0.266,-0.266,0.53,0,0,0,0,0,0
0.53,-0.372,0.159,0,0,0,0,0,0
0.159,-0.852,-0.53,0,0,0,0,0,0
0.319,-0.585,0.106,0,0,0,0,0,0
-0.106,-0.372,0,0,0,0,0,0,0
0.213,-0.213,0,0,0,0,0,0,0
0.426,-0.426,0.213,0,0,0,0,0,0
0.372,-0.372,0.106,0,0,0,0,0,0
0.53,-0.213,-0.53,0,0,0,0,0,0
0.319,-0.479,0,0,0,0,0,0,0
0.532,-0.426,-0.213,0,0,0,0,0,0
0.266,-0.53,0.53,0,0,0,0,0,0
-0.53,-0.798,0,0,0,0,0,0,0
0.159,-0.692,0,0,0,0,0,0,0
0.213,-0.426,0.53,0,0,0,0,0,0
0.159,-0.213,0.266,0,0,0,0,0,0
-0.159,-0.213,0.106,0,0,0,0,0,0
0,-0.372,0.53,0,0,0,0,0,0
0.159,-0.319,0,0,0,0,0,0,0
-0.53,-0.372,0.106,0,0,0,0,0,0
0.213,-0.319,-0.53,0,0,0,0,0,0
0.319,-0.319,0,0,0,0,0,0,0
0.266,0.159,-0.53,0,0,0,0,0,0
0.213,-0.53,0.106,0,0,0,0,0,0
0.53,-0.426,0.53,0,0,0,0,0,0
0.106,-0.53,0.372,0,0,0,0,0,0
0.53,-0.266,0.106,0,0,0,0,0,0
0.106,-0.319,-0.106,0,0,0,0,0,0
0.372,-0.585,0,0,0,0,0,0,0
0.53,-0.372,0.159,0,0,0,0,0,0
0.266,-0.159,0,0,0,0,0,0,0
0.372,-0.319,-0.159,0,0,0,0,0,0
0.585,-0.319,-0.53,0,0,0,0,0,0
0,-0.852,0.266,0,0,0,0,0,0
0.266,-0.745,0.213,0,0,0,0,0,0
-0.53,-0.213,0.106,0,0,0,0,0,0
0,-0.745,-0.106,0,0,0,0,0,0
0.53,-0.266,0.159,0,0,0,0,0,0
0.266,-0.426,0.106,0,0,0,0,0,0
0.53,-0.319,0.159,0,0,0,0,0,0
0.213,0.106,0,0,0,0,0,0,0
0.53,-0.213,-0.106,0,0,0,0,0,0
0.213,-0.532,0.159,0,0,0,0,0,0
0.639,-0.106,0,0,0,0,0,0,0
0.266,-0.319,0,0,0,0,0,0,0
0.159,-0.479,0.213,0,0,0,0,0,0
0.426,-0.319,0.53,0,0,0,0,0,0
0,-0.692,-0.53,0,0,0,0,0,0
0.372,-0.53,0.106,0,0,0,0,0,0
0.159,-0.479,-0.53,0,0,0,0,0,0
0.266,-0.639,-0.53,0,0,0,0,0,0
0,-0.479,0.213,0,0,0,0,0,0
0.53,-0.266,0.53,0,0,0,0,0,0
0.53,-0.479,0.106,0,0,0,0,0,0
0.53,-0.213,-0.159,0,0,0,0,0,0
-0.106,-0.213,0.213,0,0,0,0,0,0
0.53,-0.532,0.53,0,0,0,0,0,0
0.213,-0.266,0,0,0,0,0,0,0
0,-0.159,0.266,0,0,0,0,0,0
0,-0.585,0.213,0,0,0,0,0,0
0.159,-0.159,0.213,0,0,0,0,0,0
0.213,-0.532,0.106,0,0,0,0,0,0
0.159,0.53,0,0,0,0,0,0,0
0.159,-0.159,0,0,0,0,0,0,0
-0.53,-0.426,-0.53,0,0,0,0,0,0
0.53,-0.585,0.53,0,0,0,0,0,0
0.106,-0.639,0.53,0,0,0,0,0,0
0.585,-0.106,0.53,0,0,0,0,0,0
0.266,-0.106,0.159,0,0,0,0,0,0
0.372,-0.479,-0.106,0,0,0,0,0,0
0.266,-0.159,0.106,0,0,0,0,0,0
0.159,-0.266,-0.106,0,0,0,0,0,0
0.159,-0.266,0.106,0,0,0,0,0,0
0.266,-0.159,0,0,0,0,0,0,0
-0.106,-0.479,0.106,0,0,0,0,0,0
0.213,-0.532,0,0,0,0,0,0,0
-0.106,-0.532,-0.106,0,0,0,0,0,0
0.372,-0.585,0.213,0,0,0,0,0,0
0.266,-0.319,0,0,0,0,0,0,0
0.319,0,0.106,0,0,0,0,0,0
0.266,-0.585,0.159,0,0,0,0,0,0
0.266,0.53,0.159,0,0,0,0,0,0
0,-0.585,0.159,0,0,0,0,0,0
-0.53,-0.372,-0.53,0,0,0,0,0,0
0.532,-0.266,0.319,0,0,0,0,0,0
0.426,-0.106,-0.53,0,0,0,0,0,0
0.426,-0.319,0.53,0,0,0,0,0,0
0.372,-0.53,0,0,0,0,0,0,0
0.266,-0.426,0.213,0,0,0,0,0,0
0.159,-0.266,0,0,0,0,0,0,0
0.213,-0.159,0.106,0,0,0,0,0,0
-0.106,-0.319,0.372,0,0,0,0,0,0
0.426,-0.745,0,0,0,0,0,0,0
0.319,-0.266,-0.53,0,0,0,0,0,0
0.213,-0.372,0,0,0,0,0,0,0
0.53,-0.372,-0.53,0,0,0,0,0,0
0.159,-0.266,0.106,0,0,0,0,0,0
0.53,0.53,0.106,0,0,0,0,0,0
0.53,-0.905,0,0,0,0,0,0,0
0.372,-0.106,-0.159,0,0,0,0,0,0
0.426,-0.319,-0.53,0,0,0,0,0,0
0.213,0.106,0.106,0,0,0,0,0,0
0.319,-0.426,0.159,0,0,0,0,0,0
0.319,-0.319,0.106,0,0,0,0,0,0
0.372,-0.53,0.53,0,0,0,0,0,0
0.266,-0.372,0,0,0,0,0,0,0
0.213,-0.585,0,0,0,0,0,0,0
0.319,-0.372,0.213,0,0,0,0,0,0
0.159,0,0.106,0,0,0,0,0,0
-0.53,-0.585,0.159,0,0,0,0,0,0
0.372,-0.426,0,0,0,0,0,0,0
0.266,-0.266,0,0,0,0,0,0,0
0.319,-0.585,-0.213,0,0,0,0,0,0
0.372,-0.319,0,0,0,0,0,0,0
0.53,-0.213,0,0,0,0,0,0,0
0.319,-0.532,-0.53,0,0,0,0,0,0
0.319,-0.319,0.106,0,0,0,0,0,0
0.159,-0.426,0.106,0,0,0,0,0,0
0.372,-0.106,0.106,0,0,0,0,0,0
0.106,-0.479,0,0,0,0,0,0,0
0.426,-0.213,0.53,0,0,0,0,0,0
0.266,-0.692,0.53,0,0,0,0,0,0
-0.53,-0.532,0,0,0,0,0,0,0
0.319,0.53,0.106,0,0,0,0,0,0
0.213,-0.639,0.53,0,0,0,0,0,0
0.319,-0.266,0,0,0,0,0,0,0
0.213,-0.213,-0.53,0,0,0,0,0,0
0.266,-0.53,0.53,0,0,0,0,0,0
0.213,-0.106,0.159,0,0,0,0,0,0
0,-0.479,-0.53,0,0,0,0,0,0
0.319,-0.372,0.159,0,0,0,0,0,0
0.319,-0.426,0.266,0,0,0,0,0,0
0.319,-0.213,-0.266,0,0,0,0,0,0
0.159,-0.213,0.159,0,0,0,0,0,0
0.53,-0.213,0.106,0,0,0,0,0,0
0.213,-0.53,-0.53,0,0,0,0,0,0
0.532,0,-0.159,0,0,0,0,0,0
0.159,0.159,0.106,0,0,0,0,0,0
0.479,-0.106,0.106,0,0,0,0,0,0
0.266,-0.639,0,0,0,0,0,0,0
0.106,-0.639,-0.53,0,0,0,0,0,0
0.53,-0.213,0,0,0,0,0,0,0
0,-0.106,0,0,0,0,0,0,0
0.106,-0.372,-0.53,0,0,0,0,0,0
0.159,-0.319,0,0,0,0,0,0,0
-0.106,-0.585,0.53,0,0,0,0,0,0
0.159,-0.159,0,0,0,0,0,0,0
0.106,-0.266,0.266,0,0,0,0,0,0
0.213,-0.213,-0.106,0,0,0,0,0,0
0.106,-0.159,0.106,0,0,0,0,0,0
0.106,-0.532,0.213,0,0,0,0,0,0
0.372,-0.372,0,0,0,0,0,0,0
0,-0.159,-0.53,0,0,0,0,0,0
0.213,-0.213,0,0,0,0,0,0,0
0.426,-0.266,0.106,0,0,0,0,0,0
0.319,-0.426,0,0,0,0,0,0,0
0.106,-0.159,0.53,0,0,0,0,0,0
0.372,-0.213,-0.106,0,0,0,0,0,0
0.319,0.53,-0.106,0,0,0,0,0,0
0.213,0.106,0.159,0,0,0,0,0,0
0.53,0,-0.159,0,0,0,0,0,0
0.53,-0.266,-0.159,0,0,0,0,0,0
0.266,-0.319,0,0,0,0,0,0,0
0.159,-0.479,-0.213,0,0,0,0,0,0
0.106,-0.213,0,0,0,0,0,0,0
0.319,-0.159,0.53,0,0,0,0,0,0
0.53,-0.426,0.106,0,0,0,0,0,0
0.372,-0.159,0.266,0,0,0,0,0,0
0.213,-0.319,0.53,0,0,0,0,0,0
0.266,-0.266,0.106,0,0,0,0,0,0
0.213,-0.53,0.159,0,0,0,0,0,0
0.426,-0.106,-0.53,0,0,0,0,0,0
0.319,-0.213,-0.159,0,0,0,0,0,0
0.53,-0.905,-0.53,0,0,0,0,0,0
0.106,-0.479,0.159,0,0,0,0,0,0
0.213,0,0,0,0,0,0,0,0
0.53,-0.426,-0.106,0,0,0,0,0,0
0,-0.319,0.319,0,0,0,0,0,0
0.159,-0.266,0.159,0,0,0,0,0,0
0.106,-0.266,0.266,0,0,0,0,0,0
0.106,-0.319,0.319,0,0,0,0,0,0
0.106,0.53,0.53,0,0,0,0,0,0
0.159,-0.106,-0.53,0,0,0,0,0,0
0.106,-0.319,0.106,0,0,0,0,0,0
0.372,-0.532,-0.266,0,0,0,0,0,0
0.213,-0.266,0.106,0,0,0,0,0,0
0.213,-0.319,0.159,0,0,0,0,0,0
0.372,0,0.159,0,0,0,0,0,0
0.319,-0.213,-0.53,0,0,0,0,0,0
0.213,-0.479,0.106,0,0,0,0,0,0
0.213,-0.159,-0.53,0,0,0,0,0,0
0.106,-0.213,-0.53,0,0,0,0,0,0
0.372,-0.319,-0.106,0,0,0,0,0,0
0.53,-0.53,-0.106,0,0,0,0,0,0
0.213,-0.426,0.53,0,0,0,0,0,0
0.266,-0.426,-0.53,0,0,0,0,0,0
0.213,-0.213,0.53,0,0,0,0,0,0
0.479,0.53,-0.159,0,0,0,0,0,0
0.213,-0.585,0.106,0,0,0,0,0,0
0.106,-0.426,0.213,0,0,0,0,0,0
0.532,-0.479,0.106,0,0,0,0,0,0
0.213,-0.266,0.159,0,0,0,0,0,0
0.53,-0.266,-0.106,0,0,0,0,0,0
0.106,-0.213,0.53,0,0,0,0,0,0
0.106,-0.319,0,0,0,0,0,0,0
0.426,-0.106,-0.213,0,0,0,0,0,0
0.159,-0.479,0.53,0,0,0,0,0,0
0.159,-0.106,-0.53,0,0,0,0,0,0
0.372,0,0.159,0,0,0,0,0,0
0.106,-0.213,0,0,0,0,0,0,0
0.53,-0.159,0.53,0,0,0,0,0,0
0.106,-0.319,0.106,0,0,0,0,0,0
0.106,-0.159,0.53,0,0,0,0,0,0
-0.106,-0.532,-0.53,0,0,0,0,0,0
0.53,-0.159,0.159,0,0,0,0,0,0
0.213,-0.106,0.159,0,0,0,0,0,0
0.106,-0.372,0,0,0,0,0,0,0
-0.159,-0.639,-0.106,0,0,0,0,0,0
0.319,-0.532,-0.106,0,0,0,0,0,0
0.372,-0.585,0,0,0,0,0,0,0
0.213,-0.106,0,0,0,0,0,0,0
0.159,-0.159,-0.159,0,0,0,0,0,0
0.106,-0.798,-0.106,0,0,0,0,0,0
0,-0.426,-0.159,0,0,0,0,0,0
0.106,0,0.53,0,0,0,0,0,0
0.159,-0.426,-0.106,0,0,0,0,0,0
0.106,-0.319,0.159,0,0,0,0,0,0
0.426,-0.639,-0.53,0,0,0,0,0,0
0.319,-0.213,-0.53,0,0,0,0,0,0
0.213,-0.319,-0.53,0,0,0,0,0,0
0.372,-0.266,0.159,0,0,0,0,0,0
-0.213,-0.958,0,0,0,0,0,0,0
0.426,-0.319,0,0,0,0,0,0,0
0.159,-0.798,0.106,0,0,0,0,0,0
0.319,-0.319,0.53,0,0,0,0,0,0
0.213,-0.639,-0.106,0,0,0,0,0,0
0.266,-0.426,0.53,0,0,0,0,0,0
0.53,-0.426,-0.106,0,0,0,0,0,0
0.213,-0.106,0.106,0,0,0,0,0,0
0.159,0,0.159,0,0,0,0,0,0
0,-0.958,-0.213,0,0,0,0,0,0
0.106,-0.372,-0.53,0,0,0,0,0,0
0.319,0.53,0.106,0,0,0,0,0,0
0.213,-0.106,0.372,0,0,0,0,0,0
0.319,-0.213,0.53,0,0,0,0,0,0
0.159,-0.426,0.159,0,0,0,0,0,0
0.372,-0.159,-0.159,0,0,0,0,0,0
0.319,-0.159,0.159,0,0,0,0,0,0
0.585,-0.106,0.53,0,0,0,0,0,0
0.319,-0.426,0.53,0,0,0,0,0,0
0.106,-0.213,-0.53,0,0,0,0,0,0
-0.53,-0.426,-0.53,0,0,0,0,0,0
0.266,-0.213,0.53,0,0,0,0,0,0
0.53,-0.159,0,0,0,0,0,0,0
0.213,0,0.53,0,0,0,0,0,0
0.159,-0.585,-0.53,0,0,0,0,0,0
-0.53,-0.319,0,0,0,0,0,0,0
0.106,-0.426,0.266,0,0,0,0,0,0
0.53,-0.479,0.53,0,0,0,0,0,0
0.159,-0.372,0.159,0,0,0,0,0,0
0.159,-0.426,0.213,0,0,0,0,0,0
0.372,-0.159,0,0,0,0,0,0,0
0.53,-0.479,0.53,0,0,0,0,0,0
0,-0.159,0.106,0,0,0,0,0,0
0,-0.532,0.53,0,0,0,0,0,0
0.532,0.213,0.106,0,0,0,0,0,0
0.266,-0.585,0.106,0,0,0,0,0,0
0.266,-0.319,0.53,0,0,0,0,0,0
0.319,-0.213,-0.159,0,0,0,0,0,0
0.106,-0.479,0.159,0,0,0,0,0,0
0.53,-0.213,0.106,0,0,0,0,0,0
0.213,-0.266,0.106,0,0,0,0,0,0
0.266,0.266,0.53,0,0,0,0,0,0
0.213,-0.426,0.53,0,0,0,0,0,0
-0.53,-0.745,-0.53,0,0,0,0,0,0
0.213,-0.213,0,0,0,0,0,0,0
0.426,-0.159,0.53,0,0,0,0,0,0
0.319,-0.266,0.106,0,0,0,0,0,0
0.213,-0.426,0,0,0,0,0,0,0
0.319,-0.159,-0.266,0,0,0,0,0,0
0.266,-0.213,0.53,0,0,0,0,0,0
0.372,-0.159,0.53,0,0,0,0,0,0
0.479,-0.106,0.213,0,0,0,0,0,0
0.266,0.106,0.213,0,0,0,0,0,0
0.213,-0.319,0.159,0,0,0,0,0,0
0.319,0,0.106,0,0,0,0,0,0
0.106,-0.639,0,0,0,0,0,0,0
0.372,0,0.106,0,0,0,0,0,0
0.426,-0.213,-0.53,0,0,0,0,0,0
0.53,0,0.106,0,0,0,0,0,0
0.319,-0.319,-0.53,0,0,0,0,0,0
-0.106,-0.532,0.53,0,0,0,0,0,0
0.266,-0.426,-0.106,0,0,0,0,0,0
0.53,-0.53,-0.53,0,0,0,0,0,0
0.53,-0.479,-0.106,0,0,0,0,0,0
0.159,-0.106,0,0,0,0,0,0,0
0.213,-0.159,0.213,0,0,0,0,0,0
0.585,0.53,-0.213,0,0,0,0,0,0
0.266,-0.213,-0.53,0,0,0,0,0,0
0.159,-0.213,-0.53,0,0,0,0,0,0
0.106,-0.319,0.53,0,0,0,0,0,0
-0.53,-0.159,0.53,0,0,0,0,0,0
0.213,-0.266,0.159,0,0,0,0,0,0
0.53,-0.53,0.53,0,0,0,0,0,0
0.53,-0.852,-0.106,0,0,0,0,0,0
0.266,0,0.159,0,0,0,0,0,0
0.319,-0.213,0,0,0,0,0,0,0
0.213,-0.319,-0.106,0,0,0,0,0,0
0.266,-0.692,-0.266,0,0,0,0,0,0
0.106,-0.372,0,0,0,0,0,0,0
0.213,-0.159,-0.159,0,0,0,0,0,0
0.479,-0.106,-0.53,0,0,0,0,0,0
0.159,-0.266,0.106,0,0,0,0,0,0
0.479,-0.639,0.106,0,0,0,0,0,0
0.266,-0.372,0.106,0,0,0,0,0,0
0.266,-0.372,0.159,0,0,0,0,0,0
0.319,-0.159,0.106,0,0,0,0,0,0
0.266,-0.426,0.53,0,0,0,0,0,0
0.213,-0.532,0,0,0,0,0,0,0
0.213,-0.213,0,0,0,0,0,0,0
0.426,-0.372,0.266,0,0,0,0,0,0
0.319,0.106,-0.53,0,0,0,0,0,0
0.266,-0.106,0,0,0,0,0,0,0
0.319,-0.266,-0.53,0,0,0,0,0,0
0.159,-0.106,0,0,0,0,0,0,0
0.479,-0.692,0.53,0,0,0,0,0,0
0.159,0.53,0.213,0,0,0,0,0,0
0.372,-0.319,0,0,0,0,0,0,0
0,-0.426,0.53,0,0,0,0,0,0
0.106,-0.319,0.53,0,0,0,0,0,0
0.479,0.106,0,0,0,0,0,0,0
-0.106,-0.585,0,0,0,0,0,0,0
0.53,-0.53,0.53,0,0,0,0,0,0
0.106,-0.639,-0.106,0,0,0,0,0,0
0.106,-0.266,-0.53,0,0,0,0,0,0
0.106,-0.159,0.106,0,0,0,0,0,0
0.266,-0.53,0.106,0,0,0,0,0,0
0.53,-0.266,-0.106,0,0,0,0,0,0
0.585,-0.53,0.106,0,0,0,0,0,0
0.213,0.53,-0.53,0,0,0,0,0,0
0.159,-0.372,-0.106,0,0,0,0,0,0
0.159,-0.372,-0.53,0,0,0,0,0,0
-0.159,-0.692,0.159,0,0,0,0,0,0
-0.159,-0.319,-0.53,0,0,0,0,0,0
0.159,-0.585,0,0,0,0,0,0,0
0.53,-0.266,0,0,0,0,0,0,0
0.159,-0.159,-0.53,0,0,0,0,0,0
0.319,0,-0.159,0,0,0,0,0,0
0.159,-0.266,0.213,0,0,0,0,0,0
-0.106,-0.479,0.213,0,0,0,0,0,0
0.53,-0.106,0.53,0,0,0,0,0,0
0.159,-0.372,0,0,0,0,0,0,0
0.53,-0.159,0,0,0,0,0,0,0
0.426,-0.266,0.53,0,0,0,0,0,0
0,-0.479,0.159,0,0,0,0,0,0
0.372,-0.53,-0.106,0,0,0,0,0,0
0.213,-0.958,-0.53,0,0,0,0,0,0
0.53,0.106,0.159,0,0,0,0,0,0
0.266,-0.319,-0.106,0,0,0,0,0,0
0.426,0,0.266,0,0,0,0,0,0
0.213,-0.159,0.106,0,0,0,0,0,0
0.159,-0.213,-0.106,0,0,0,0,0,0
0.532,-0.319,-0.159,0,0,0,0,0,0
0.213,-0.213,-0.159,0,0,0,0,0,0
0.106,-0.692,-0.106,0,0,0,0,0,0
-0.53,-0.213,0.53,0,0,0,0,0,0
0.319,-0.266,0,0,0,0,0,0,0
0.213,-0.372,0,0,0,0,0,0,0
0.159,-0.266,0.53,0,0,0,0,0,0
0.426,-0.53,0,0,0,0,0,0,0
0.266,-0.479,0.53,0,0,0,0,0,0
-0.53,-0.745,0,0,0,0,0,0,0
0.53,0.53,0.319,0,0,0,0,0,0
0.585,-0.479,-0.106,0,0,0,0,0,0
0.266,-0.426,0.53,0,0,0,0,0,0
0.53,-0.532,0.53,0,0,0,0,0,0
-0.53,-0.319,0.159,0,0,0,0,0,0
0.106,-0.266,0.106,0,0,0,0,0,0
0.106,-0.745,0,0,0,0,0,0,0
0.213,-0.159,-0.53,0,0,0,0,0,0
0.106,-0.479,0.53,0,0,0,0,0,0
0.213,-0.319,0.53,0,0,0,0,0,0
-0.53,-0.745,-0.106,0,0,0,0,0,0
0.213,-0.213,0.159,0,0,0,0,0,0
0.106,-0.53,0.159,0,0,0,0,0,0
0,-0.319,0.106,0,0,0,0,0,0
-0.106,-0.852,0.53,0,0,0,0,0,0
-0.213,-0.798,0.159,0,0,0,0,0,0
0.266,-0.479,0.53,0,0,0,0,0,0
0.53,-0.585,-0.53,0,0,0,0,0,0
0.266,-0.53,0,0,0,0,0,0,0
0.106,-0.53,-0.53,0,0,0,0,0,0
0.213,-0.159,0.159,0,0,0,0,0,0
0.106,-0.213,0.159,0,0,0,0,0,0
0.426,-0.532,0.213,0,0,0,0,0,0
0.106,-0.426,0.159,0,0,0,0,0,0
0.53,-0.479,-0.53,0,0,0,0,0,0
0.266,0.106,0.53,0,0,0,0,0,0
0.53,-0.426,0.53,0,0,0,0,0,0
0.319,-0.372,0.159,0,0,0,0,0,0
0.106,0,0.53,0,0,0,0,0,0
0.266,-0.53,0.266,0,0,0,0,0,0
0.53,-0.585,-0.106,0,0,0,0,0,0
0.266,-0.213,0.213,0,0,0,0,0,0
0.106,-0.852,-0.53,0,0,0,0,0,0
0,-0.159,0.213,0,0,0,0,0,0
0.213,-0.479,0,0,0,0,0,0,0
0.53,-0.372,0,0,0,0,0,0,0
-0.159,-0.372,0,0,0,0,0,0,0
0.106,-0.213,0.159,0,0,0,0,0,0
0,-0.319,0,0,0,0,0,0,0
0.213,-0.532,0.106,0,0,0,0,0,0
0.159,-0.319,0.106,0,0,0,0,0,0
0.266,-0.426,-0.53,0,0,0,0,0,0
0,-0.319,0.159,0,0,0,0,0,0
0.372,-0.639,-0.106,0,0,0,0,0,0
0.319,-0.479,0.53,0,0,0,0,0,0
0.426,-0.106,0.53,0,0,0,0,0,0
0.53,-0.426,-0.53,0,0,0,0,0,0
0.106,-0.372,0.159,0,0,0,0,0,0
0.372,-0.532,-0.53,0,0,0,0,0,0
0.639,-0.532,0,0,0,0,0,0,0
-0.53,-0.319,-0.159,0,0,0,0,0,0
0.266,-0.372,0.106,0,0,0,0,0,0
0.106,-0.213,-0.106,0,0,0,0,0,0
0.53,-0.692,-0.53,0,0,0,0,0,0
0.53,-0.319,0,0,0,0,0,0,0
0.426,-0.266,0.266,0,0,0,0,0,0
0.532,-0.479,-0.159,0,0,0,0,0,0
0.53,-0.372,0.53,0,0,0,0,0,0
0.213,0.106,0,0,0,0,0,0,0
-0.106,-0.372,0.213,0,0,0,0,0,0
0.213,0,-0.53,0,0,0,0,0,0
0.319,-0.159,0.106,0,0,0,0,0,0
0.266,-0.532,0,0,0,0,0,0,0
0,-0.479,0.159,0,0,0,0,0,0
0.372,-0.106,-0.106,0,0,0,0,0,0
0.213,-0.426,-0.106,0,0,0,0,0,0
-0.106,-0.745,0.213,0,0,0,0,0,0
0.106,-0.319,-0.106,0,0,0,0,0,0
0.159,-0.319,0.106,0,0,0,0,0,0
0.532,0.106,-0.53,0,0,0,0,0,0
0.266,-0.213,0.159,0,0,0,0,0,0
0.106,-0.479,0,0,0,0,0,0,0
0.479,-0.532,0.53,0,0,0,0,0,0
0.319,-0.426,0,0,0,0,0,0,0
0.266,-0.266,0.159,0,0,0,0,0,0
0.213,-0.585,-0.53,0,0,0,0,0,0
0.479,-0.213,-0.106,0,0,0,0,0,0
0.213,-0.426,0.106,0,0,0,0,0,0
0.159,-0.266,0.106,0,0,0,0,0,0
0.159,-0.692,-0.53,0,0,0,0,0,0
0.319,-0.479,0,0,0,0,0,0,0
0.213,-0.266,-0.106,0,0,0,0,0,0
0.372,0.53,0.106,0,0,0,0,0,0
0,-0.319,0,0,0,0,0,0,0
0.53,-0.532,0.106,0,0,0,0,0,0
0.213,-0.266,0,0,0,0,0,0,0
0.159,-0.692,0.106,0,0,0,0,0,0
0.266,-0.639,0.159,0,0,0,0,0,0
0.319,-0.266,0.53,0,0,0,0,0,0
-0.106,-0.319,0.266,0,0,0,0,0,0
0.532,0,0.106,0,0,0,0,0,0
0.266,-0.266,0.159,0,0,0,0,0,0
0.106,-0.426,-0.106,0,0,0,0,0,0
0.106,-0.319,0,0,0,0,0,0,0
0.372,-0.159,0.53,0,0,0,0,0,0
0.532,-0.53,0.159,0,0,0,0,0,0
0.319,-0.319,0,0,0,0,0,0,0
-0.53,-0.585,0.159,0,0,0,0,0,0
0.319,-0.266,0.53,0,0,0,0,0,0
0.319,-0.426,0,0,0,0,0,0,0
0.159,-0.639,0.213,0,0,0,0,0,0
0.319,-0.159,0.159,0,0,0,0,0,0
0.426,0,-0.53,0,0,0,0,0,0
-0.213,0,0.53,0,0,0,0,0,0
0.159,-0.106,0.53,0,0,0,0,0,0
0.159,-0.266,0.106,0,0,0,0,0,0
0.266,0.159,0.53,0,0,0,0,0,0
0.266,-0.426,0,0,0,0,0,0,0
0.319,-0.372,0.53,0,0,0,0,0,0
0.266,0.53,0.266,0,0,0,0,0,0
0.266,-0.319,0.213,0,0,0,0,0,0
0.159,-0.372,0.106,0,0,0,0,0,0
0.319,-0.159,0.53,0,0,0,0,0,0
0.53,-0.266,0.213,0,0,0,0,0,0
0.372,-0.479,0.106,0,0,0,0,0,0
0.319,-0.213,-0.53,0,0,0,0,0,0
0.213,0.213,0.106,0,0,0,0,0,0
0.159,-0.426,-0.106,0,0,0,0,0,0
0.372,0,0.106,0,0,0,0,0,0
0.159,-0.53,-0.159,0,0,0,0,0,0
0.266,-0.53,0.53,0,0,0,0,0,0
0.53,-0.692,0.106,0,0,0,0,0,0
0.213,0.266,0.53,0,0,0,0,0,0
0.532,0.213,0.106,0,0,0,0,0,0
0.106,-0.532,0.372,0,0,0,0,0,0
0.266,-0.532,-0.106,0,0,0,0,0,0
0.213,-0.532,-0.53,0,0,0,0,0,0
0.319,-0.266,0.53,0,0,0,0,0,0
0.106,-0.372,-0.53,0,0,0,0,0,0
0.53,-0.319,0.159,0,0,0,0,0,0
0.159,-0.53,0,0,0,0,0,0,0
0.372,-0.213,-0.106,0,0,0,0,0,0
0.532,-0.532,0,0,0,0,0,0,0
0.213,-0.479,0,0,0,0,0,0,0
0.213,-0.479,0.53,0,0,0,0,0,0
0,-0.532,-0.106,0,0,0,0,0,0
0.53,-0.266,-0.106,0,0,0,0,0,0
0.372,-0.426,0.266,0,0,0,0,0,0
0.53,-0.426,0.53,0,0,0,0,0,0
0.319,-0.106,0.106,0,0,0,0,0,0
0.266,-0.213,-0.106,0,0,0,0,0,0
0.159,-0.266,0.53,0,0,0,0,0,0
0.213,-0.159,0.106,0,0,0,0,0,0
0.372,-0.266,0,0,0,0,0,0,0
0.106,-0.266,0.53,0,0,0,0,0,0
0.213,0,0.106,0,0,0,0,0,0
0.213,0,0.106,0,0,0,0,0,0
0.106,-0.319,0,0,0,0,0,0,0
0.159,-0.106,-0.53,0,0,0,0,0,0
0.319,0.53,0.106,0,0,0,0,0,0
0.426,-0.159,0.106,0,0,0,0,0,0
0.479,-0.426,0,0,0,0,0,0,0
0.266,-0.426,-0.106,0,0,0,0,0,0
0.319,-0.266,0,0,0,0,0,0,0
0.319,-0.532,-0.106,0,0,0,0,0,0
0.372,-0.266,0.159,0,0,0,0,0,0
0.532,-0.159,0.159,0,0,0,0,0,0
0.159,-0.479,0.266,0,0,0,0,0,0
0.372,-0.319,0.106,0,0,0,0,0,0
0.213,-0.479,0.159,0,0,0,0,0,0
0.159,-0.266,0.159,0,0,0,0,0,0
0.319,-0.426,-0.106,0,0,0,0,0,0
0.266,-0.159,0.53,0,0,0,0,0,0
0.319,-0.266,-0.106,0,0,0,0,0,0
0.213,-0.53,0.53,0,0,0,0,0,0
0.213,-0.479,0,0,0,0,0,0,0
0.319,-0.426,-0.53,0,0,0,0,0,0
0.106,-0.266,0.266,0,0,0,0,0,0
0,-0.585,0.159,0,0,0,0,0,0
0.159,-0.159,0.106,0,0,0,0,0,0
0.159,-0.266,0.53,0,0,0,0,0,0
-0.53,-0.319,0,0,0,0,0,0,0
0.213,-0.106,-0.106,0,0,0,0,0,0
0.213,-0.159,0,0,0,0,0,0,0
0.159,-0.639,-0.159,0,0,0,0,0,0
0.213,-0.53,0.159,0,0,0,0,0,0
0.266,-0.372,0.53,0,0,0,0,0,0
0.319,-0.532,-0.53,0,0,0,0,0,0
0.426,0.53,-0.53,0,0,0,0,0,0
0.53,0.53,0,0,0,0,0,0,0
0.106,-0.372,-0.53,0,0,0,0,0,0
0.372,-0.106,0.106,0,0,0,0,0,0
0.213,-0.479,0.106,0,0,0,0,0,0
0.479,0.213,0,0,0,0,0,0,0
0.372,-0.639,-0.106,0,0,0,0,0,0
-0.53,0.106,0.53,0,0,0,0,0,0
0.426,-0.213,-0.106,0,0,0,0,0,0
0.106,-0.585,-0.213,0,0,0,0,0,0
0.372,0.53,0.213,0,0,0,0,0,0
0.159,-0.532,0.106,0,0,0,0,0,0
0.106,-0.266,0.53,0,0,0,0,0,0
0.106,-0.532,-0.53,0,0,0,0,0,0
0.372,-0.372,0.53,0,0,0,0,0,0
0.159,-0.585,-0.106,0,0,0,0,0,0
0.319,-0.426,0.53,0,0,0,0,0,0
-0.106,-0.372,0,0,0,0,0,0,0
0.319,-0.213,0,0,0,0,0,0,0
0,-0.106,0.53,0,0,0,0,0,0
-0.106,-0.532,-0.106,0,0,0,0,0,0
0.319,-0.319,0,0,0,0,0,0,0
0.266,-0.266,0.159,0,0,0,0,0,0
0.266,-0.639,0.106,0,0,0,0,0,0
0.319,-0.266,0.53,0,0,0,0,0,0
0,-0.639,-0.106,0,0,0,0,0,0
0.53,-0.106,0.106,0,0,0,0,0,0
0.426,-0.585,-0.53,0,0,0,0,0,0
0.53,-0.479,-0.53,0,0,0,0,0,0
-0.53,-0.266,0,0,0,0,0,0,0
0.266,-0.798,0.53,0,0,0,0,0,0
0.426,-0.585,-0.53,0,0,0,0,0,0
0.266,0,-0.106,0,0,0,0,0,0
0.159,0.53,0,0,0,0,0,0,0
0.213,-0.532,0,0,0,0,0,0,0
-0.53,-0.319,0,0,0,0,0,0,0
0.53,-0.266,0.53,0,0,0,0,0,0
0.159,-0.745,0.106,0,0,0,0,0,0
0.213,-0.53,0.106,0,0,0,0,0,0
0.372,-0.639,0.159,0,0,0,0,0,0
0.159,0.106,0.213,0,0,0,0,0,0
0.266,-0.479,0,0,0,0,0,0,0
0.266,-0.106,0.53,0,0,0,0,0,0
0.159,-0.585,-0.53,0,0,0,0,0,0
-0.53,-0.426,0.106,0,0,0,0,0,0
0.479,-0.479,-0.106,0,0,0,0,0,0
-0.53,-0.266,0.53,0,0,0,0,0,0
0.106,-0.266,-0.53,0,0,0,0,0,0
0.319,-0.426,0.106,0,0,0,0,0,0
0,-0.372,-0.53,0,0,0,0,0,0
0.159,-0.53,0.213,0,0,0,0,0,0
0.213,-0.426,-0.53,0,0,0,0,0,0
0.106,-0.585,0.106,0,0,0,0,0,0
0.53,-0.372,0.319,0,0,0,0,0,0
0,-0.532,0,0,0,0,0,0,0
0,-0.479,-0.53,0,0,0,0,0,0
0.532,-0.319,0,0,0,0,0,0,0
0.319,0,0.213,0,0,0,0,0,0
0.106,-0.532,-0.53,0,0,0,0,0,0
0.372,0,0.53,0,0,0,0,0,0
0.159,-0.479,-0.53,0,0,0,0,0,0
0.319,-0.479,0.53,0,0,0,0,0,0
0.319,-0.372,0.106,0,0,0,0,0,0
0.319,-0.319,-0.53,0,0,0,0,0,0
0.319,-0.213,-0.159,0,0,0,0,0,0
0.319,-0.639,0,0,0,0,0,0,0
0.106,-0.159,0.106,0,0,0,0,0,0
0.159,-0.106,0.106,0,0,0,0,0,0
0.639,0.159,0.266,0,0,0,0,0,0
0,-0.532,-0.106,0,0,0,0,0,0
0.159,-0.639,-0.53,0,0,0,0,0,0
0.106,-0.319,0.106,0,0,0,0,0,0
0.106,-0.532,0.106,0,0,0,0,0,0
0.106,-0.53,0,0,0,0,0,0,0
0.53,-0.53,0,0,0,0,0,0,0
0.319,-0.266,-0.159,0,0,0,0,0,0
-0.159,-0.532,0.159,0,0,0,0,0,0
0.266,-0.319,-0.106,0,0,0,0,0,0
0.372,-0.372,0,0,0,0,0,0,0
0.106,0.53,0,0,0,0,0,0,0
0.213,-0.479,0.53,0,0,0,0,0,0
0.372,-0.159,0,0,0,0,0,0,0
0.106,-0.372,0.53,0,0,0,0,0,0
0.106,-0.479,0.213,0,0,0,0,0,0
0.266,-0.372,0.53,0,0,0,0,0,0
0.319,-0.479,0.106,0,0,0,0,0,0
0.319,-0.319,0.53,0,0,0,0,0,0
-0.159,-0.479,0.106,0,0,0,0,0,0
0.266,-0.319,0.159,0,0,0,0,0,0
0.479,-0.53,0.53,0,0,0,0,0,0
0.479,-0.53,0.53,0,0,0,0,0,0
0.372,-0.319,0,0,0,0,0,0,0
0.319,-0.426,0.106,0,0,0,0,0,0
0.106,-0.745,0.106,0,0,0,0,0,0
0.106,-0.266,0.53,0,0,0,0,0,0
0.479,-0.159,0.106,0,0,0,0,0,0
0.266,-0.213,-0.53,0,0,0,0,0,0
0.213,-0.479,0,0,0,0,0,0,0
-0.213,-0.426,0.106,0,0,0,0,0,0
0.213,-0.426,0,0,0,0,0,0,0
0.372,0,0.106,0,0,0,0,0,0
0.639,-0.159,0.53,0,0,0,0,0,0
0.53,-0.692,0,0,0,0,0,0,0
0.319,-0.426,0.159,0,0,0,0,0,0
0,-0.532,0.106,0,0,0,0,0,0
0.159,-0.159,0.106,0,0,0,0,0,0
0.213,-0.532,0.106,0,0,0,0,0,0
0.213,0.266,-0.53,0,0,0,0,0,0
